timestamp,cpu_pct,ram_used_mb,ram_total_mb,ram_pct,disk_write_kb_s
2026-07-27 17:55:51,34,17202,32639,52.7,0
2026-07-27 17:55:52,18,17191,32639,52.7,0
2026-07-27 17:55:57,9,17220,32639,52.8,0
2026-07-27 17:55:59,6,17220,32639,52.8,15.4
2026-07-27 17:56:04,4,17220,32639,52.8,0
2026-07-27 17:56:05,1,17219,32639,52.8,0
2026-07-27 17:56:10,4,17224,32639,52.8,0
2026-07-27 17:56:12,6,17224,32639,52.8,0
2026-07-27 17:56:16,7,17212,32639,52.7,78.1
2026-07-27 17:56:18,9,17206,32639,52.7,0
2026-07-27 17:56:23,3,17206,32639,52.7,0
2026-07-27 17:56:24,1,17200,32639,52.7,0
2026-07-27 17:56:29,6,17195,32639,52.7,0
2026-07-27 17:56:31,3,17170,32639,52.6,0
2026-07-27 17:56:36,6,17173,32639,52.6,0
2026-07-27 17:56:37,1,17174,32639,52.6,0
2026-07-27 17:56:42,3,17170,32639,52.6,0
2026-07-27 17:56:44,1,17176,32639,52.6,0
2026-07-27 17:56:48,1,17178,32639,52.6,0
2026-07-27 17:56:50,3,17184,32639,52.6,0
2026-07-27 17:56:55,11,17183,32639,52.6,15.2
2026-07-27 17:56:56,4,17185,32639,52.7,0
2026-07-27 17:57:01,2,17163,32639,52.6,3489.2
2026-07-27 17:57:03,14,13547,32639,41.5,0
2026-07-27 17:57:08,12,13893,32639,42.6,0
2026-07-27 17:57:09,10,13922,32639,42.7,0
2026-07-27 17:57:14,3,13919,32639,42.6,0
2026-07-27 17:57:16,0,13912,32639,42.6,0
2026-07-27 17:57:21,2,13907,32639,42.6,0
2026-07-27 17:57:22,3,13922,32639,42.7,108.7
2026-07-27 17:57:27,1,13951,32639,42.7,0
2026-07-27 17:57:29,6,13916,32639,42.6,31.7
2026-07-27 17:57:34,1,13994,32639,42.9,0
2026-07-27 17:57:35,1,13950,32639,42.7,0
2026-07-27 17:57:40,6,13988,32639,42.9,15.6
2026-07-27 17:57:41,8,14010,32639,42.9,0
2026-07-27 17:57:46,5,13982,32639,42.8,124.7
2026-07-27 17:57:48,0,13991,32639,42.9,124.2
2026-07-27 17:57:53,9,13980,32639,42.8,0
2026-07-27 17:57:54,7,13973,32639,42.8,0
2026-07-27 17:57:59,3,13973,32639,42.8,0
2026-07-27 17:58:01,7,13968,32639,42.8,0
2026-07-27 17:58:06,5,13975,32639,42.8,0
2026-07-27 17:58:07,1,13983,32639,42.8,0
2026-07-27 17:58:12,4,13948,32639,42.7,0
2026-07-27 17:58:14,3,13945,32639,42.7,0
2026-07-27 17:58:18,7,13948,32639,42.7,0
2026-07-27 17:58:20,7,13948,32639,42.7,243.9
2026-07-27 17:58:25,4,13944,32639,42.7,15.7
2026-07-27 17:58:26,4,13956,32639,42.8,0
2026-07-27 17:58:31,3,13970,32639,42.8,719.1
2026-07-27 17:58:33,4,13971,32639,42.8,0
2026-07-27 17:58:38,8,13979,32639,42.8,0
2026-07-27 17:58:39,2,13946,32639,42.7,0
2026-07-27 17:58:44,68,15315,32639,46.9,0
2026-07-27 17:58:46,8,15391,32639,47.2,0
2026-07-27 17:58:51,18,15473,32639,47.4,0
2026-07-27 17:58:52,4,15506,32639,47.5,0
2026-07-27 17:58:57,18,15723,32639,48.2,45.3
2026-07-27 17:58:59,28,16078,32639,49.3,15.8
2026-07-27 17:59:04,26,16328,32639,50,0
2026-07-27 17:59:05,11,16342,32639,50.1,247
2026-07-27 17:59:10,9,16624,32639,50.9,198.4
2026-07-27 17:59:16,14,17121,32639,52.5,169.2
2026-07-27 17:59:23,21,17174,32639,52.6,0
2026-07-27 17:59:29,9,17235,32639,52.8,0
2026-07-27 17:59:36,13,17403,32639,53.3,0
2026-07-27 17:59:42,25,17551,32639,53.8,151.2
2026-07-27 17:59:49,28,17623,32639,54,0
2026-07-27 17:59:55,28,17773,32639,54.5,15
2026-07-27 18:00:02,11,17880,32639,54.8,0
2026-07-27 18:00:08,19,17883,32639,54.8,396.8
2026-07-27 18:00:15,24,17894,32639,54.8,0
2026-07-27 18:00:22,7,18023,32639,55.2,0
2026-07-27 18:00:28,14,17911,32639,54.9,0
2026-07-27 18:00:35,10,18033,32639,55.2,0
2026-07-27 18:00:41,23,18093,32639,55.4,0
2026-07-27 18:00:48,19,18104,32639,55.5,0
2026-07-27 18:00:54,15,18088,32639,55.4,0
2026-07-27 18:01:01,25,18081,32639,55.4,0
2026-07-27 18:01:07,14,18089,32639,55.4,0
2026-07-27 18:01:14,17,18063,32639,55.3,802
2026-07-27 18:01:20,29,18080,32639,55.4,15.6
2026-07-27 18:01:27,8,18085,32639,55.4,0
2026-07-27 18:01:33,16,18090,32639,55.4,0
2026-07-27 18:01:39,21,18096,32639,55.4,269.3
2026-07-27 18:01:46,16,18083,32639,55.4,0
2026-07-27 18:01:52,10,18086,32639,55.4,0
2026-07-27 18:01:59,20,18094,32639,55.4,31.5
2026-07-27 18:02:05,20,18096,32639,55.4,15.7
2026-07-27 18:02:12,26,18100,32639,55.5,0
2026-07-27 18:02:18,16,18341,32639,56.2,0
2026-07-27 18:02:24,13,18370,32639,56.3,409.1
2026-07-27 18:02:31,26,18206,32639,55.8,0
2026-07-27 18:02:37,15,18149,32639,55.6,189.4
2026-07-27 18:02:44,7,18123,32639,55.5,0
2026-07-27 18:02:50,22,18116,32639,55.5,800.7
2026-07-27 18:02:57,17,18120,32639,55.5,0
2026-07-27 18:03:03,19,18126,32639,55.5,0
2026-07-27 18:03:10,16,18139,32639,55.6,0
2026-07-27 18:03:16,34,18159,32639,55.6,0
2026-07-27 18:03:22,21,18127,32639,55.5,0
2026-07-27 18:03:29,23,18137,32639,55.6,0
2026-07-27 18:03:35,23,18147,32639,55.6,490
2026-07-27 18:03:42,14,18151,32639,55.6,0
2026-07-27 18:03:48,13,18154,32639,55.6,0
2026-07-27 18:03:55,20,18167,32639,55.7,0
2026-07-27 18:04:01,17,18133,32639,55.6,0
2026-07-27 18:04:08,19,18176,32639,55.7,0
2026-07-27 18:04:14,18,18174,32639,55.7,0
2026-07-27 18:04:20,8,18191,32639,55.7,779.5
2026-07-27 18:04:27,11,18198,32639,55.8,0
2026-07-27 18:04:33,15,18195,32639,55.7,0
2026-07-27 18:04:40,26,18167,32639,55.7,0
2026-07-27 18:04:46,17,18204,32639,55.8,411.2
2026-07-27 18:04:53,9,18228,32639,55.8,0
2026-07-27 18:04:59,18,18229,32639,55.9,0
2026-07-27 18:05:05,40,18284,32639,56,138.5
2026-07-27 18:05:12,6,18288,32639,56,0
2026-07-27 18:05:18,29,18246,32639,55.9,0
2026-07-27 18:05:25,14,18254,32639,55.9,0
2026-07-27 18:05:31,18,18274,32639,56,352.5
2026-07-27 18:05:38,12,18280,32639,56,0
2026-07-27 18:05:44,16,18281,32639,56,0
2026-07-27 18:05:51,19,18286,32639,56,262.5
2026-07-27 18:05:57,18,18258,32639,55.9,504.7
2026-07-27 18:06:03,73,18270,32639,56,0
2026-07-27 18:06:10,23,18280,32639,56,0
2026-07-27 18:06:16,23,18291,32639,56,0
2026-07-27 18:06:23,6,18290,32639,56,0
2026-07-27 18:06:29,20,18275,32639,56,0
2026-07-27 18:06:36,18,18286,32639,56,30.2
2026-07-27 18:06:42,20,18254,32639,55.9,500.2
2026-07-27 18:06:49,10,18253,32639,55.9,0
2026-07-27 18:06:55,12,18262,32639,56,0
2026-07-27 18:07:02,29,18274,32639,56,0
2026-07-27 18:07:08,15,18288,32639,56,423.9
2026-07-27 18:07:14,16,18292,32639,56,0
2026-07-27 18:07:21,25,18271,32639,56,0
2026-07-27 18:07:27,22,18278,32639,56,0
2026-07-27 18:07:34,23,18277,32639,56,428.6
2026-07-27 18:07:40,9,18284,32639,56,0
2026-07-27 18:07:47,9,18280,32639,56,0
2026-07-27 18:07:53,27,18270,32639,56,0
2026-07-27 18:08:00,23,18278,32639,56,0
2026-07-27 18:08:06,20,18259,32639,55.9,0
2026-07-27 18:08:12,22,18183,32639,55.7,0
2026-07-27 18:08:19,23,18221,32639,55.8,423.8
2026-07-27 18:08:25,23,18224,32639,55.8,0
2026-07-27 18:08:32,24,18237,32639,55.9,0
2026-07-27 18:08:38,14,18250,32639,55.9,0
2026-07-27 18:08:45,18,18274,32639,56,451.7
2026-07-27 18:08:51,25,18377,32639,56.3,0
2026-07-27 18:08:58,29,18331,32639,56.2,381.1
2026-07-27 18:09:04,38,18341,32639,56.2,3288.9
2026-07-27 18:09:11,33,18408,32639,56.4,0
2026-07-27 18:09:18,33,18333,32639,56.2,1583.5
2026-07-27 18:09:24,15,18426,32639,56.5,0
2026-07-27 18:09:31,15,18371,32639,56.3,0
2026-07-27 18:09:37,20,18370,32639,56.3,248.1
2026-07-27 18:09:43,12,18349,32639,56.2,321.7
2026-07-27 18:09:50,9,18345,32639,56.2,503.9
2026-07-27 18:09:56,16,18357,32639,56.2,0
2026-07-27 18:10:03,74,18366,32639,56.3,0
2026-07-27 18:10:09,13,18369,32639,56.3,263.1
2026-07-27 18:10:16,23,18368,32639,56.3,249.1
2026-07-27 18:10:22,13,18548,32639,56.8,252.7
2026-07-27 18:10:29,22,18421,32639,56.4,8380.3
2026-07-27 18:10:35,57,18434,32639,56.5,1540.5
2026-07-27 18:10:42,17,18477,32639,56.6,0
2026-07-27 18:10:48,26,18483,32639,56.6,0
2026-07-27 18:10:54,20,18438,32639,56.5,0
2026-07-27 18:11:01,16,18440,32639,56.5,0
2026-07-27 18:11:07,18,18433,32639,56.5,0
2026-07-27 18:11:14,19,18412,32639,56.4,0
2026-07-27 18:11:20,13,18393,32639,56.4,398.4
2026-07-27 18:11:27,16,18398,32639,56.4,0
2026-07-27 18:11:33,15,18397,32639,56.4,0
2026-07-27 18:11:39,9,18408,32639,56.4,0
2026-07-27 18:11:46,23,18406,32639,56.4,0
2026-07-27 18:11:52,9,18417,32639,56.4,0
2026-07-27 18:11:59,37,18209,32639,55.8,235.7
2026-07-27 18:12:05,17,18161,32639,55.6,5278.5
2026-07-27 18:12:12,18,18163,32639,55.6,0
2026-07-27 18:12:18,26,18131,32639,55.6,0
2026-07-27 18:12:25,9,18140,32639,55.6,0
2026-07-27 18:12:31,30,18152,32639,55.6,886.8
2026-07-27 18:12:37,20,18121,32639,55.5,0
2026-07-27 18:12:44,12,18097,32639,55.4,0
2026-07-27 18:12:50,29,18102,32639,55.5,138.3
2026-07-27 18:12:57,20,18107,32639,55.5,431.5
2026-07-27 18:13:03,14,18124,32639,55.5,108.3
2026-07-27 18:13:10,35,18159,32639,55.6,0
2026-07-27 18:13:16,19,18191,32639,55.7,776.9
2026-07-27 18:13:23,21,18205,32639,55.8,0
2026-07-27 18:13:29,15,18205,32639,55.8,31
2026-07-27 18:13:35,20,18164,32639,55.7,45.7
2026-07-27 18:13:42,10,18154,32639,55.6,574.3
2026-07-27 18:13:48,20,18146,32639,55.6,0
2026-07-27 18:13:55,12,18145,32639,55.6,677.8
2026-07-27 18:14:01,11,18160,32639,55.6,0
2026-07-27 18:14:08,9,18160,32639,55.6,0
2026-07-27 18:14:14,9,18159,32639,55.6,0
2026-07-27 18:14:21,16,18159,32639,55.6,127
2026-07-27 18:14:27,21,18141,32639,55.6,698.5
2026-07-27 18:14:33,16,18143,32639,55.6,0
2026-07-27 18:14:40,13,18145,32639,55.6,0
2026-07-27 18:14:46,9,18151,32639,55.6,0
2026-07-27 18:14:53,21,18178,32639,55.7,486.8
2026-07-27 18:14:59,21,18187,32639,55.7,0
2026-07-27 18:15:06,23,18196,32639,55.7,106.1
2026-07-27 18:15:12,24,18196,32639,55.7,0
2026-07-27 18:15:19,18,18167,32639,55.7,0
2026-07-27 18:15:25,26,18155,32639,55.6,0
2026-07-27 18:15:31,13,18165,32639,55.7,0
2026-07-27 18:15:38,6,18164,32639,55.7,1129.8
2026-07-27 18:15:44,19,18151,32639,55.6,0
2026-07-27 18:15:51,23,18171,32639,55.7,120.4
2026-07-27 18:15:57,14,18181,32639,55.7,0
2026-07-27 18:16:04,11,18183,32639,55.7,423.8
2026-07-27 18:16:10,19,18204,32639,55.8,0
2026-07-27 18:16:16,9,18182,32639,55.7,0
2026-07-27 18:16:24,14,18207,32639,55.8,0
2026-07-27 18:16:30,29,18206,32639,55.8,0
2026-07-27 18:16:37,22,18203,32639,55.8,0
2026-07-27 18:16:43,12,18194,32639,55.7,1003.1
2026-07-27 18:16:50,29,18207,32639,55.8,170.5
2026-07-27 18:16:56,12,18210,32639,55.8,91.8
2026-07-27 18:17:03,13,18216,32639,55.8,278.5
2026-07-27 18:17:09,15,18229,32639,55.9,0
2026-07-27 18:17:16,13,18191,32639,55.7,2552
2026-07-27 18:17:22,12,18191,32639,55.7,0
2026-07-27 18:17:29,9,18198,32639,55.8,0
2026-07-27 18:17:35,12,18184,32639,55.7,0
2026-07-27 18:17:42,10,18193,32639,55.7,47.6
2026-07-27 18:17:48,17,18189,32639,55.7,63.2
2026-07-27 18:17:54,26,18210,32639,55.8,367
2026-07-27 18:18:01,20,18226,32639,55.8,0
2026-07-27 18:18:07,10,18193,32639,55.7,0
2026-07-27 18:18:14,13,18206,32639,55.8,0
2026-07-27 18:18:20,15,18205,32639,55.8,0
2026-07-27 18:18:27,13,18217,32639,55.8,433.8
2026-07-27 18:18:33,14,18221,32639,55.8,61.1
2026-07-27 18:18:40,15,18225,32639,55.8,0
2026-07-27 18:18:46,14,18232,32639,55.9,0
2026-07-27 18:18:52,10,18200,32639,55.8,0
2026-07-27 18:18:59,19,18206,32639,55.8,0
2026-07-27 18:19:05,13,18196,32639,55.7,0
2026-07-27 18:19:12,17,18203,32639,55.8,460.1
2026-07-27 18:19:18,6,18205,32639,55.8,0
2026-07-27 18:19:25,15,18199,32639,55.8,0
2026-07-27 18:19:31,18,18197,32639,55.8,0
2026-07-27 18:19:38,16,18214,32639,55.8,0
2026-07-27 18:19:44,21,18274,32639,56,0
2026-07-27 18:19:50,11,18277,32639,56,0
2026-07-27 18:19:57,10,18256,32639,55.9,15.2
2026-07-27 18:20:03,17,18254,32639,55.9,0
2026-07-27 18:20:10,26,18256,32639,55.9,0
2026-07-27 18:20:16,12,18263,32639,56,0
2026-07-27 18:20:23,3,18292,32639,56,516.7
2026-07-27 18:20:29,1,18126,32639,55.5,0
2026-07-27 18:20:36,5,18151,32639,55.6,0
2026-07-27 18:20:42,1,18153,32639,55.6,0
2026-07-27 18:20:48,0,18130,32639,55.5,0
2026-07-27 18:20:55,5,18087,32639,55.4,0
2026-07-27 18:21:01,1,18054,32639,55.3,0
2026-07-27 18:21:08,0,18060,32639,55.3,0
2026-07-27 18:21:14,1,18057,32639,55.3,0
2026-07-27 18:21:21,4,18066,32639,55.4,0
2026-07-27 18:21:27,3,18063,32639,55.3,0
2026-07-27 18:21:33,0,18063,32639,55.3,93.3
2026-07-27 18:21:40,1,18060,32639,55.3,0
2026-07-27 18:21:46,1,18056,32639,55.3,0
2026-07-27 18:21:53,6,18058,32639,55.3,76.4
2026-07-27 18:21:59,16,18073,32639,55.4,0
2026-07-27 18:22:06,3,18037,32639,55.3,0
2026-07-27 18:22:12,2,18046,32639,55.3,0
2026-07-27 18:22:18,6,18083,32639,55.4,0
2026-07-27 18:22:25,2,18089,32639,55.4,0
2026-07-27 18:22:31,3,18089,32639,55.4,0
2026-07-27 18:22:38,5,18095,32639,55.4,120.6
2026-07-27 18:22:44,3,18104,32639,55.5,0
2026-07-27 18:22:51,14,18131,32639,55.6,0
2026-07-27 18:22:57,0,18136,32639,55.6,0
2026-07-27 18:23:03,0,18146,32639,55.6,0
2026-07-27 18:23:10,3,18113,32639,55.5,0
2026-07-27 18:23:16,1,18122,32639,55.5,0
2026-07-27 18:23:23,0,18121,32639,55.5,45.3
2026-07-27 18:23:29,1,18127,32639,55.5,0
2026-07-27 18:23:35,7,18134,32639,55.6,0
2026-07-27 18:23:42,3,18157,32639,55.6,0
2026-07-27 18:23:48,3,18171,32639,55.7,0
2026-07-27 18:23:55,1,18142,32639,55.6,0
2026-07-27 18:24:01,7,18161,32639,55.6,0
2026-07-27 18:24:08,4,18154,32639,55.6,75.9
2026-07-27 18:24:14,5,18162,32639,55.6,0
2026-07-27 18:24:20,10,18162,32639,55.6,0
2026-07-27 18:24:27,8,18159,32639,55.6,0
2026-07-27 18:24:33,3,18162,32639,55.6,0
2026-07-27 18:24:40,3,18139,32639,55.6,0
2026-07-27 18:24:46,2,18119,32639,55.5,0
2026-07-27 18:24:53,1,18127,32639,55.5,106.5
2026-07-27 18:24:59,2,18134,32639,55.6,75.5
2026-07-27 18:25:05,4,18134,32639,55.6,0
2026-07-27 18:25:12,0,18136,32639,55.6,0
2026-07-27 18:25:18,0,18371,32639,56.3,15.3
2026-07-27 18:25:25,1,18388,32639,56.3,0
2026-07-27 18:25:31,4,18397,32639,56.4,0
2026-07-27 18:25:38,3,18367,32639,56.3,0
2026-07-27 18:25:44,4,18369,32639,56.3,140.5
2026-07-27 18:25:50,9,18383,32639,56.3,467.5
2026-07-27 18:25:57,0,18573,32639,56.9,101339.8
2026-07-27 18:26:03,1,18466,32639,56.6,0
2026-07-27 18:26:10,1,18407,32639,56.4,0
2026-07-27 18:26:16,0,18378,32639,56.3,0
2026-07-27 18:26:22,1,18367,32639,56.3,7839.3
2026-07-27 18:26:29,3,18365,32639,56.3,0
2026-07-27 18:26:35,6,18371,32639,56.3,0
2026-07-27 18:26:42,3,18341,32639,56.2,1446.3
2026-07-27 18:26:48,3,18346,32639,56.2,0
2026-07-27 18:26:55,8,18353,32639,56.2,0
2026-07-27 18:27:01,5,18327,32639,56.2,8356.3
2026-07-27 18:27:07,3,18359,32639,56.2,0
2026-07-27 18:27:14,3,18355,32639,56.2,0
2026-07-27 18:27:20,5,18340,32639,56.2,0
2026-07-27 18:27:27,3,18355,32639,56.2,76.3
2026-07-27 18:27:33,0,18357,32639,56.2,0
2026-07-27 18:27:40,5,18191,32639,55.7,0
2026-07-27 18:27:46,4,18197,32639,55.8,0
2026-07-27 18:27:52,6,18160,32639,55.6,0
2026-07-27 18:27:59,0,18162,32639,55.6,0
2026-07-27 18:28:05,10,18159,32639,55.6,0
2026-07-27 18:28:12,6,18165,32639,55.7,0
2026-07-27 18:28:18,12,18170,32639,55.7,0
2026-07-27 18:28:25,7,18170,32639,55.7,0
2026-07-27 18:28:31,10,18175,32639,55.7,0
2026-07-27 18:28:37,0,18164,32639,55.7,0
2026-07-27 18:28:44,2,18160,32639,55.6,0
2026-07-27 18:28:50,13,18171,32639,55.7,0
2026-07-27 18:28:57,4,18170,32639,55.7,107.2
2026-07-27 18:29:03,11,18176,32639,55.7,0
2026-07-27 18:29:09,7,18177,32639,55.7,153.7
2026-07-27 18:29:16,6,18179,32639,55.7,0
2026-07-27 18:29:22,7,18192,32639,55.7,0
2026-07-27 18:29:29,1,18195,32639,55.7,0
2026-07-27 18:29:35,3,18186,32639,55.7,0
2026-07-27 18:29:42,6,18147,32639,55.6,106.1
2026-07-27 18:29:48,3,18159,32639,55.6,0
2026-07-27 18:29:54,6,18157,32639,55.6,229.4
2026-07-27 18:30:01,7,18167,32639,55.7,0
2026-07-27 18:30:07,8,18168,32639,55.7,0
2026-07-27 18:30:14,13,18228,32639,55.8,0
2026-07-27 18:30:20,9,18360,32639,56.3,0
2026-07-27 18:30:27,3,18270,32639,56,121
2026-07-27 18:30:33,3,18243,32639,55.9,0
2026-07-27 18:30:39,4,18241,32639,55.9,46
2026-07-27 18:30:46,2,18255,32639,55.9,0
2026-07-27 18:30:52,6,18261,32639,55.9,0
2026-07-27 18:30:59,16,18238,32639,55.9,0
2026-07-27 18:31:05,2,18240,32639,55.9,0
2026-07-27 18:31:12,3,18256,32639,55.9,109.7
2026-07-27 18:31:18,6,18220,32639,55.8,0
2026-07-27 18:31:24,5,18227,32639,55.8,0
2026-07-27 18:31:31,7,18234,32639,55.9,0
2026-07-27 18:31:37,12,18232,32639,55.9,0
2026-07-27 18:31:44,12,18247,32639,55.9,0
2026-07-27 18:31:50,16,18248,32639,55.9,124.1
2026-07-27 18:31:57,9,18249,32639,55.9,135.5
2026-07-27 18:32:03,7,18265,32639,56,0
2026-07-27 18:32:09,3,18246,32639,55.9,0
2026-07-27 18:32:16,6,18222,32639,55.8,0
2026-07-27 18:32:22,11,18220,32639,55.8,0
2026-07-27 18:32:30,5,18253,32639,55.9,0
2026-07-27 18:32:36,4,18248,32639,55.9,0
2026-07-27 18:32:42,3,18260,32639,55.9,0
2026-07-27 18:32:49,6,18314,32639,56.1,0
2026-07-27 18:32:55,7,18276,32639,56,140.3
2026-07-27 18:33:02,5,18278,32639,56,0
2026-07-27 18:33:08,9,18268,32639,56,0
2026-07-27 18:33:14,3,18273,32639,56,0
2026-07-27 18:33:21,15,18288,32639,56,0
2026-07-27 18:33:27,6,18286,32639,56,0
2026-07-27 18:33:34,3,18287,32639,56,0
2026-07-27 18:33:40,7,18290,32639,56,15.6
2026-07-27 18:33:47,8,18284,32639,56,0
2026-07-27 18:33:53,7,18286,32639,56,0
2026-07-27 18:33:59,5,18268,32639,56,0
2026-07-27 18:34:06,6,18278,32639,56,0
2026-07-27 18:34:12,5,18281,32639,56,108.9
2026-07-27 18:34:19,6,18271,32639,56,0
2026-07-27 18:34:25,5,18280,32639,56,15.1
2026-07-27 18:34:32,6,18276,32639,56,121.4
2026-07-27 18:34:38,3,18284,32639,56,0
2026-07-27 18:34:44,6,18268,32639,56,0
2026-07-27 18:34:51,8,18268,32639,56,124.6
2026-07-27 18:34:57,8,18279,32639,56,0
2026-07-27 18:35:04,5,18279,32639,56,0
2026-07-27 18:35:10,9,18282,32639,56,154.3
2026-07-27 18:35:16,3,18286,32639,56,0
2026-07-27 18:35:23,6,18285,32639,56,0
2026-07-27 18:35:29,3,18321,32639,56.1,0
2026-07-27 18:35:36,9,18309,32639,56.1,0
2026-07-27 18:35:42,3,18310,32639,56.1,15.3
2026-07-27 18:35:49,7,18287,32639,56,0
2026-07-27 18:35:55,4,18311,32639,56.1,78.1
2026-07-27 18:36:01,9,18331,32639,56.2,0
2026-07-27 18:36:08,3,18331,32639,56.2,0
2026-07-27 18:36:14,3,18339,32639,56.2,15.2
2026-07-27 18:36:21,15,18323,32639,56.1,0
2026-07-27 18:36:27,6,18339,32639,56.2,338.4
2026-07-27 18:36:34,7,18324,32639,56.1,0
2026-07-27 18:36:40,3,18333,32639,56.2,0
2026-07-27 18:36:46,12,18344,32639,56.2,0
2026-07-27 18:36:53,1,18336,32639,56.2,0
2026-07-27 18:36:59,3,18297,32639,56.1,0
2026-07-27 18:37:06,12,18301,32639,56.1,0
2026-07-27 18:37:12,6,18313,32639,56.1,0
2026-07-27 18:37:18,3,18317,32639,56.1,0
2026-07-27 18:37:25,3,18319,32639,56.1,0
2026-07-27 18:37:31,6,18320,32639,56.1,0
2026-07-27 18:37:38,8,18321,32639,56.1,0
2026-07-27 18:37:44,1,18306,32639,56.1,0
2026-07-27 18:37:51,12,18294,32639,56,0
2026-07-27 18:37:57,2,18293,32639,56,105.9
2026-07-27 18:38:03,1,18303,32639,56.1,0
2026-07-27 18:38:10,5,18305,32639,56.1,124.9
2026-07-27 18:38:16,8,18283,32639,56,0
2026-07-27 18:38:23,9,18288,32639,56,0
2026-07-27 18:38:29,7,18284,32639,56,15.5
2026-07-27 18:38:36,9,18291,32639,56,0
2026-07-27 18:38:42,0,18310,32639,56.1,30.9
2026-07-27 18:38:48,2,18273,32639,56,0
2026-07-27 18:38:55,5,18289,32639,56,46.9
2026-07-27 18:39:01,6,18295,32639,56.1,0
2026-07-27 18:39:08,3,18298,32639,56.1,0
2026-07-27 18:39:14,6,18302,32639,56.1,0
2026-07-27 18:39:21,7,18305,32639,56.1,0
2026-07-27 18:39:27,2,18305,32639,56.1,0
2026-07-27 18:39:33,5,18311,32639,56.1,0
2026-07-27 18:39:40,1,18318,32639,56.1,0
2026-07-27 18:39:46,6,18326,32639,56.1,0
2026-07-27 18:39:53,6,18303,32639,56.1,0
2026-07-27 18:39:59,3,18304,32639,56.1,0
2026-07-27 18:40:05,7,18312,32639,56.1,321.1
2026-07-27 18:40:12,8,18314,32639,56.1,0
2026-07-27 18:40:18,4,18381,32639,56.3,30.9
2026-07-27 18:40:25,9,18372,32639,56.3,0
2026-07-27 18:40:31,8,18379,32639,56.3,0
2026-07-27 18:40:38,7,18345,32639,56.2,0
2026-07-27 18:40:44,8,18340,32639,56.2,1150.8
2026-07-27 18:40:50,12,18356,32639,56.2,0
2026-07-27 18:40:57,8,18321,32639,56.1,0
2026-07-27 18:41:03,6,18321,32639,56.1,0
2026-07-27 18:41:10,3,18330,32639,56.2,0
2026-07-27 18:41:16,4,18313,32639,56.1,0
2026-07-27 18:41:23,10,18318,32639,56.1,0
2026-07-27 18:41:29,4,18313,32639,56.1,0
2026-07-27 18:41:35,7,18313,32639,56.1,0
2026-07-27 18:41:42,3,18311,32639,56.1,0
2026-07-27 18:41:48,4,18280,32639,56,123
2026-07-27 18:41:55,6,18278,32639,56,0
2026-07-27 18:42:01,2,18293,32639,56,0
2026-07-27 18:42:08,5,18292,32639,56,662.2
2026-07-27 18:42:14,7,18299,32639,56.1,45.8
2026-07-27 18:42:20,5,18299,32639,56.1,0
2026-07-27 18:42:27,5,18300,32639,56.1,0
2026-07-27 18:42:33,6,18295,32639,56.1,15.3
2026-07-27 18:42:40,6,18296,32639,56.1,0
2026-07-27 18:42:46,6,18307,32639,56.1,0
2026-07-27 18:42:52,8,18303,32639,56.1,0
2026-07-27 18:42:59,2,18288,32639,56,106.4
2026-07-27 18:43:05,7,18298,32639,56.1,0
2026-07-27 18:43:12,8,18300,32639,56.1,0
2026-07-27 18:43:18,8,18304,32639,56.1,62.6
2026-07-27 18:43:25,3,18278,32639,56,0
2026-07-27 18:43:31,17,18264,32639,56,0
2026-07-27 18:43:37,6,18277,32639,56,106.4
2026-07-27 18:43:44,1,18282,32639,56,1325
2026-07-27 18:43:50,4,18280,32639,56,0
2026-07-27 18:43:57,7,18281,32639,56,0
2026-07-27 18:44:03,2,18294,32639,56,122.7
2026-07-27 18:44:10,3,18304,32639,56.1,0
2026-07-27 18:44:16,5,18307,32639,56.1,0
2026-07-27 18:44:22,3,18280,32639,56,0
2026-07-27 18:44:29,3,18281,32639,56,0
2026-07-27 18:44:35,12,18289,32639,56,0
2026-07-27 18:44:42,3,18293,32639,56,0
2026-07-27 18:44:48,4,18287,32639,56,0
2026-07-27 18:44:55,0,18288,32639,56,0
2026-07-27 18:45:01,7,18295,32639,56.1,0
2026-07-27 18:45:07,6,18297,32639,56.1,0
2026-07-27 18:45:14,8,18309,32639,56.1,0
2026-07-27 18:45:20,11,18282,32639,56,0
2026-07-27 18:45:27,7,18281,32639,56,0
2026-07-27 18:45:33,8,18286,32639,56,15.4
2026-07-27 18:45:40,8,18293,32639,56,0
2026-07-27 18:45:46,3,18298,32639,56.1,0
2026-07-27 18:45:52,7,18326,32639,56.1,0
2026-07-27 18:45:59,0,18329,32639,56.2,0
2026-07-27 18:46:05,9,18336,32639,56.2,0
2026-07-27 18:46:12,6,18354,32639,56.2,0
2026-07-27 18:46:18,5,18315,32639,56.1,30.8
2026-07-27 18:46:24,5,18315,32639,56.1,0
2026-07-27 18:46:31,4,18329,32639,56.2,0
2026-07-27 18:46:37,5,18330,32639,56.2,0
2026-07-27 18:46:44,3,18330,32639,56.2,0
2026-07-27 18:46:50,1,18344,32639,56.2,0
2026-07-27 18:46:57,5,18358,32639,56.2,0
2026-07-27 18:47:03,4,18363,32639,56.3,0
2026-07-27 18:47:09,4,18342,32639,56.2,30.3
2026-07-27 18:47:16,3,18344,32639,56.2,0
2026-07-27 18:47:22,2,18360,32639,56.3,0
2026-07-27 18:47:29,6,18360,32639,56.3,0
2026-07-27 18:47:35,10,18363,32639,56.3,0
2026-07-27 18:47:42,3,18350,32639,56.2,0
2026-07-27 18:47:48,4,18351,32639,56.2,0
2026-07-27 18:47:54,6,18347,32639,56.2,15.4
2026-07-27 18:48:01,10,18319,32639,56.1,0
2026-07-27 18:48:07,8,18312,32639,56.1,0
2026-07-27 18:48:14,9,18314,32639,56.1,303.9
2026-07-27 18:48:20,12,18315,32639,56.1,0
2026-07-27 18:48:27,3,18308,32639,56.1,0
2026-07-27 18:48:34,4,18331,32639,56.2,0
2026-07-27 18:48:40,6,18341,32639,56.2,0
2026-07-27 18:48:47,5,18346,32639,56.2,75.9
2026-07-27 18:48:53,6,18401,32639,56.4,0
2026-07-27 18:49:00,5,18353,32639,56.2,356
2026-07-27 18:49:06,6,18354,32639,56.2,0
2026-07-27 18:49:12,9,18350,32639,56.2,0
2026-07-27 18:49:19,3,18354,32639,56.2,0
2026-07-27 18:49:25,7,18354,32639,56.2,0
2026-07-27 18:49:32,3,18364,32639,56.3,122.1
2026-07-27 18:49:38,6,18371,32639,56.3,0
2026-07-27 18:49:44,3,18358,32639,56.2,0
2026-07-27 18:49:51,12,18350,32639,56.2,0
2026-07-27 18:49:57,7,18356,32639,56.2,0
2026-07-27 18:50:04,4,18357,32639,56.2,0
2026-07-27 18:50:10,6,18339,32639,56.2,0
2026-07-27 18:50:17,4,18349,32639,56.2,213.8
2026-07-27 18:50:23,5,18419,32639,56.4,0
2026-07-27 18:50:29,5,18331,32639,56.2,0
2026-07-27 18:50:36,7,18331,32639,56.2,0
2026-07-27 18:50:42,4,18328,32639,56.2,0
2026-07-27 18:50:49,4,18328,32639,56.2,0
2026-07-27 18:50:55,0,18302,32639,56.1,0
2026-07-27 18:51:02,6,18309,32639,56.1,76.7
2026-07-27 18:51:08,8,18283,32639,56,0
2026-07-27 18:51:14,4,18286,32639,56,0
2026-07-27 18:51:21,5,18289,32639,56,0
2026-07-27 18:51:27,3,18280,32639,56,0
2026-07-27 18:51:34,3,18283,32639,56,0
2026-07-27 18:51:40,9,18288,32639,56,108.1
2026-07-27 18:51:47,9,18296,32639,56.1,0
2026-07-27 18:51:53,6,18306,32639,56.1,0
2026-07-27 18:51:59,14,18290,32639,56,0
2026-07-27 18:52:06,5,18290,32639,56,138
2026-07-27 18:52:12,6,18300,32639,56.1,0
2026-07-27 18:52:19,8,18311,32639,56.1,0
2026-07-27 18:52:25,4,18316,32639,56.1,0
2026-07-27 18:52:31,6,18331,32639,56.2,15.2
2026-07-27 18:52:38,3,18307,32639,56.1,0
2026-07-27 18:52:44,11,18315,32639,56.1,0
2026-07-27 18:52:51,17,18351,32639,56.2,76.6
2026-07-27 18:52:57,6,18353,32639,56.2,0
2026-07-27 18:53:04,4,18359,32639,56.2,0
2026-07-27 18:53:10,10,18335,32639,56.2,0
2026-07-27 18:53:16,3,18354,32639,56.2,0
2026-07-27 18:53:23,6,18315,32639,56.1,0
2026-07-27 18:53:29,3,18309,32639,56.1,0
2026-07-27 18:53:36,5,18320,32639,56.1,0
2026-07-27 18:53:42,1,18325,32639,56.1,0
2026-07-27 18:53:49,4,18353,32639,56.2,0
2026-07-27 18:53:55,8,18371,32639,56.3,0
2026-07-27 18:54:01,4,18378,32639,56.3,0
2026-07-27 18:54:08,3,18387,32639,56.3,0
2026-07-27 18:54:14,2,18352,32639,56.2,0
2026-07-27 18:54:21,5,18360,32639,56.3,138.6
2026-07-27 18:54:27,8,18368,32639,56.3,0
2026-07-27 18:54:33,6,18367,32639,56.3,0
2026-07-27 18:54:40,4,18368,32639,56.3,0
2026-07-27 18:54:46,8,18352,32639,56.2,0
2026-07-27 18:54:53,6,18331,32639,56.2,0
2026-07-27 18:54:59,8,18327,32639,56.2,0
2026-07-27 18:55:06,3,18339,32639,56.2,15.2
2026-07-27 18:55:12,8,18298,32639,56.1,0
2026-07-27 18:55:18,3,18316,32639,56.1,0
2026-07-27 18:55:25,2,18332,32639,56.2,0
2026-07-27 18:55:31,0,18344,32639,56.2,260.7
2026-07-27 18:55:38,8,18347,32639,56.2,0
2026-07-27 18:55:44,2,18343,32639,56.2,0
2026-07-27 18:55:51,4,18359,32639,56.2,2457.3
2026-07-27 18:55:57,4,18347,32639,56.2,0
2026-07-27 18:56:03,3,18334,32639,56.2,0
2026-07-27 18:56:10,3,18337,32639,56.2,0
2026-07-27 18:56:16,1,18419,32639,56.4,153.5
2026-07-27 18:56:23,4,18334,32639,56.2,0
2026-07-27 18:56:29,3,18335,32639,56.2,0
2026-07-27 18:56:36,10,18341,32639,56.2,0
2026-07-27 18:56:42,2,18348,32639,56.2,0
2026-07-27 18:56:48,3,18331,32639,56.2,0
2026-07-27 18:56:55,5,18332,32639,56.2,15.3
2026-07-27 18:57:01,6,18326,32639,56.1,76.4
2026-07-27 18:57:08,4,18364,32639,56.3,0
2026-07-27 18:57:14,10,18331,32639,56.2,0
2026-07-27 18:57:20,7,18327,32639,56.2,15.4
2026-07-27 18:57:27,3,18315,32639,56.1,0
2026-07-27 18:57:33,6,18322,32639,56.1,0
2026-07-27 18:57:40,6,18327,32639,56.2,251.4
2026-07-27 18:57:46,4,18337,32639,56.2,0
2026-07-27 18:57:53,5,18333,32639,56.2,0
2026-07-27 18:57:59,11,18344,32639,56.2,0
2026-07-27 18:58:05,7,18340,32639,56.2,0
2026-07-27 18:58:12,5,18322,32639,56.1,0
2026-07-27 18:58:18,0,18321,32639,56.1,0
2026-07-27 18:58:25,3,18327,32639,56.2,46.1
2026-07-27 18:58:31,2,18327,32639,56.2,351.6
2026-07-27 18:58:38,0,18329,32639,56.2,0
2026-07-27 18:58:44,5,18458,32639,56.6,172.9
2026-07-27 18:58:50,3,18400,32639,56.4,910.6
2026-07-27 18:58:57,4,18393,32639,56.4,0
2026-07-27 18:59:03,0,18360,32639,56.3,0
2026-07-27 18:59:10,0,18356,32639,56.2,0
2026-07-27 18:59:16,3,18355,32639,56.2,0
2026-07-27 18:59:23,0,18347,32639,56.2,0
2026-07-27 18:59:29,1,18349,32639,56.2,0
2026-07-27 18:59:35,5,18350,32639,56.2,0
2026-07-27 18:59:42,3,18348,32639,56.2,0
2026-07-27 18:59:48,0,18355,32639,56.2,0
2026-07-27 18:59:55,3,18360,32639,56.3,15.4
2026-07-27 19:00:01,1,18342,32639,56.2,0
2026-07-27 19:00:07,0,18378,32639,56.3,0
2026-07-27 19:00:14,3,18385,32639,56.3,353.5
2026-07-27 19:00:20,13,18465,32639,56.6,0
2026-07-27 19:00:27,3,18382,32639,56.3,0
2026-07-27 19:00:33,3,18371,32639,56.3,0
2026-07-27 19:00:40,1,18345,32639,56.2,614.3
2026-07-27 19:00:46,9,18360,32639,56.3,0
2026-07-27 19:00:52,1,18369,32639,56.3,0
2026-07-27 19:00:59,10,18344,32639,56.2,0
2026-07-27 19:01:05,6,18344,32639,56.2,0
2026-07-27 19:01:12,9,18313,32639,56.1,0
2026-07-27 19:01:18,5,18307,32639,56.1,0
2026-07-27 19:01:25,0,18307,32639,56.1,261.1
2026-07-27 19:01:31,13,18318,32639,56.1,0
2026-07-27 19:01:37,0,18329,32639,56.2,0
2026-07-27 19:01:44,2,18256,32639,55.9,0
2026-07-27 19:01:50,4,18266,32639,56,0
2026-07-27 19:01:57,6,18261,32639,55.9,0
2026-07-27 19:02:03,4,18293,32639,56,769.1
2026-07-27 19:02:09,15,18288,32639,56,565.2
2026-07-27 19:02:16,20,18298,32639,56.1,0
2026-07-27 19:02:22,12,18314,32639,56.1,0
2026-07-27 19:02:29,4,18335,32639,56.2,5888.4
2026-07-27 19:02:35,11,18355,32639,56.2,0
2026-07-27 19:02:42,5,18350,32639,56.2,0
2026-07-27 19:02:48,18,18322,32639,56.1,0
2026-07-27 19:02:54,6,18322,32639,56.1,297.4
2026-07-27 19:03:01,10,18318,32639,56.1,0
2026-07-27 19:03:07,3,18309,32639,56.1,0
2026-07-27 19:03:14,8,18333,32639,56.2,0
2026-07-27 19:03:20,8,18334,32639,56.2,0
2026-07-27 19:03:27,0,18357,32639,56.2,0
2026-07-27 19:03:33,3,18368,32639,56.3,0
2026-07-27 19:03:39,1,18329,32639,56.2,185.5
2026-07-27 19:03:46,2,18307,32639,56.1,0
2026-07-27 19:03:52,3,18304,32639,56.1,0
2026-07-27 19:03:59,6,18334,32639,56.2,262.1
2026-07-27 19:04:05,6,18296,32639,56.1,0
2026-07-27 19:04:12,5,18315,32639,56.1,0
2026-07-27 19:04:18,5,18319,32639,56.1,0
2026-07-27 19:04:24,3,18323,32639,56.1,0
2026-07-27 19:04:31,7,18327,32639,56.2,0
2026-07-27 19:04:38,9,18354,32639,56.2,15.4
2026-07-27 19:04:45,6,18356,32639,56.2,245.8
2026-07-27 19:04:51,21,18388,32639,56.3,125.3
2026-07-27 19:04:57,3,18384,32639,56.3,0
2026-07-27 19:05:04,14,18377,32639,56.3,0
2026-07-27 19:05:17,1,18394,32639,56.4,0
2026-07-27 19:05:23,11,18432,32639,56.5,0
2026-07-27 19:05:30,4,18416,32639,56.4,3031.3
2026-07-27 19:05:36,5,18408,32639,56.4,0
2026-07-27 19:05:43,3,18405,32639,56.4,0
2026-07-27 19:05:49,8,18426,32639,56.5,4200.5
2026-07-27 19:05:56,9,18375,32639,56.3,0
2026-07-27 19:06:02,8,18377,32639,56.3,0
2026-07-27 19:06:08,4,18400,32639,56.4,63.1
2026-07-27 19:06:15,4,18387,32639,56.3,237.5
2026-07-27 19:06:21,13,18408,32639,56.4,0
2026-07-27 19:06:28,4,18394,32639,56.4,0
2026-07-27 19:06:34,1,18417,32639,56.4,15.4
2026-07-27 19:06:40,10,18425,32639,56.5,232.6
2026-07-27 19:06:47,6,18172,32639,55.7,0
2026-07-27 19:06:53,2,13964,32639,42.8,0
2026-07-27 19:07:00,5,13962,32639,42.8,31.7
2026-07-27 19:07:06,3,13961,32639,42.8,0
2026-07-27 19:07:13,2,13963,32639,42.8,0
2026-07-27 19:07:19,9,13959,32639,42.8,0
2026-07-27 19:07:25,11,13967,32639,42.8,138.3
2026-07-27 19:07:32,1,13987,32639,42.9,0
2026-07-27 19:07:38,4,13954,32639,42.8,0
2026-07-27 19:07:45,7,13962,32639,42.8,0
2026-07-27 19:09:08,6,14319,32639,43.9,0
2026-07-27 19:09:15,4,14355,32639,44,1112.6
2026-07-27 19:09:21,6,14397,32639,44.1,0
2026-07-27 19:09:28,38,14577,32639,44.7,30.6
2026-07-27 19:09:34,11,14655,32639,44.9,0
2026-07-27 19:09:41,27,14675,32639,45,404.8
2026-07-27 19:09:47,11,15281,32639,46.8,0
2026-07-27 19:09:54,32,15759,32639,48.3,0
2026-07-27 19:10:00,31,15762,32639,48.3,0
2026-07-27 19:10:06,16,15766,32639,48.3,0
2026-07-27 19:10:13,24,15802,32639,48.4,0
2026-07-27 19:10:19,43,16015,32639,49.1,441.9
2026-07-27 19:10:26,29,16081,32639,49.3,1333.2
2026-07-27 19:10:32,15,16079,32639,49.3,789.5
2026-07-27 19:10:39,21,16103,32639,49.3,0
2026-07-27 19:10:45,32,16066,32639,49.2,0
2026-07-27 19:10:52,34,16095,32639,49.3,944.7
2026-07-27 19:10:58,24,16037,32639,49.1,77.2
2026-07-27 19:11:05,18,16044,32639,49.2,0
2026-07-27 19:11:11,22,16158,32639,49.5,0
2026-07-27 19:11:17,5,15993,32639,49,124.3
2026-07-27 19:11:24,5,15982,32639,49,0
2026-07-27 19:11:30,1,15954,32639,48.9,0
2026-07-27 19:11:37,11,15956,32639,48.9,15.3
2026-07-27 19:11:43,11,15955,32639,48.9,0
2026-07-27 19:11:50,3,15951,32639,48.9,0
2026-07-27 19:11:56,12,15947,32639,48.9,248.3
2026-07-27 19:12:02,1,15959,32639,48.9,0
2026-07-27 19:12:09,3,15961,32639,48.9,0
2026-07-27 19:12:15,6,15920,32639,48.8,15.4
2026-07-27 19:12:22,0,15933,32639,48.8,181.5
2026-07-27 19:12:28,1,15941,32639,48.8,0
2026-07-27 19:12:34,0,15948,32639,48.9,0
2026-07-27 19:12:41,2,15956,32639,48.9,0
2026-07-27 19:12:47,2,15959,32639,48.9,0
2026-07-27 19:12:54,3,15964,32639,48.9,0
2026-07-27 19:13:00,1,15964,32639,48.9,0
2026-07-27 19:13:07,0,15967,32639,48.9,107
2026-07-27 19:13:13,6,15967,32639,48.9,0
2026-07-27 19:13:19,3,16023,32639,49.1,0
2026-07-27 19:13:26,4,16042,32639,49.1,0
2026-07-27 19:13:32,6,16037,32639,49.1,0
2026-07-27 19:13:39,12,16040,32639,49.1,0
2026-07-27 19:13:45,12,14645,32639,44.9,0
2026-07-27 19:13:52,10,14667,32639,44.9,171.5
2026-07-27 19:13:58,19,15393,32639,47.2,348
2026-07-27 19:14:05,19,15616,32639,47.8,0
2026-07-27 19:14:11,23,15768,32639,48.3,0
2026-07-27 19:14:17,23,15916,32639,48.8,257.3
2026-07-27 19:14:24,14,15855,32639,48.6,0
2026-07-27 19:14:30,16,15884,32639,48.7,0
2026-07-27 19:14:37,23,15970,32639,48.9,0
2026-07-27 19:14:43,15,16089,32639,49.3,439.7
2026-07-27 19:14:50,23,16095,32639,49.3,0
2026-07-27 19:14:56,16,16103,32639,49.3,0
2026-07-27 19:15:03,13,16103,32639,49.3,0
2026-07-27 19:15:09,18,16104,32639,49.3,0
2026-07-27 19:15:15,24,16093,32639,49.3,0
2026-07-27 19:15:22,12,16105,32639,49.3,0
2026-07-27 19:15:28,7,16012,32639,49.1,0
2026-07-27 19:15:35,3,15994,32639,49,0
2026-07-27 19:15:41,12,16005,32639,49,0
2026-07-27 19:15:48,11,16003,32639,49,0
2026-07-27 19:15:54,7,16023,32639,49.1,0
2026-07-27 19:16:00,6,16037,32639,49.1,0
2026-07-27 19:16:07,7,16022,32639,49.1,0
2026-07-27 19:16:13,3,16005,32639,49,15.6
2026-07-27 19:16:20,13,16028,32639,49.1,0
2026-07-27 19:16:26,10,16014,32639,49.1,1137.7
2026-07-27 19:16:32,11,16003,32639,49,62.6
2026-07-27 19:16:39,10,16026,32639,49.1,0
2026-07-27 19:16:45,4,16018,32639,49.1,0
2026-07-27 19:16:52,11,16046,32639,49.2,0
2026-07-27 19:16:58,1,16020,32639,49.1,60.8
2026-07-27 19:17:05,12,16029,32639,49.1,9953.8
2026-07-27 19:17:11,4,16010,32639,49.1,750.5
2026-07-27 19:17:17,0,16009,32639,49,122.9
2026-07-27 19:17:24,2,16001,32639,49,0
2026-07-27 19:17:30,5,16000,32639,49,0
2026-07-27 19:17:37,3,16011,32639,49.1,46.4
2026-07-27 19:17:43,3,15993,32639,49,0
2026-07-27 19:17:50,3,16009,32639,49,121.7
2026-07-27 19:17:56,0,15966,32639,48.9,0
2026-07-27 19:18:02,6,15981,32639,49,93.1
2026-07-27 19:18:09,1,15985,32639,49,0
2026-07-27 19:18:15,9,16019,32639,49.1,0
2026-07-27 19:18:22,7,16020,32639,49.1,233.5
2026-07-27 19:18:28,9,16008,32639,49,0
2026-07-27 19:18:34,4,16003,32639,49,0
2026-07-27 19:18:41,5,16015,32639,49.1,0
2026-07-27 19:18:47,6,16015,32639,49.1,122
2026-07-27 19:18:54,1,16021,32639,49.1,0
2026-07-27 19:19:00,11,16018,32639,49.1,0
2026-07-27 19:19:07,5,16030,32639,49.1,189.9
2026-07-27 19:19:13,3,16039,32639,49.1,0
2026-07-27 19:19:19,4,16043,32639,49.2,490.4
2026-07-27 19:19:26,8,15991,32639,49,0
2026-07-27 19:19:32,4,15990,32639,49,77.1
2026-07-27 19:19:39,1,15995,32639,49,0
2026-07-27 19:19:45,19,16030,32639,49.1,0
2026-07-27 19:19:52,13,16032,32639,49.1,0
2026-07-27 19:19:58,9,16046,32639,49.2,0
2026-07-27 19:20:04,3,16039,32639,49.1,0
2026-07-27 19:20:11,12,16013,32639,49.1,0
2026-07-27 19:20:17,7,16026,32639,49.1,141.7
2026-07-27 19:20:24,7,16033,32639,49.1,0
2026-07-27 19:20:30,10,15998,32639,49,0
2026-07-27 19:20:37,10,15976,32639,48.9,0
2026-07-27 19:20:44,9,16008,32639,49,0
2026-07-27 19:20:50,13,16001,32639,49,0
2026-07-27 19:20:57,8,15981,32639,49,106.2
2026-07-27 19:21:03,11,15975,32639,48.9,0
2026-07-27 19:21:10,1,15976,32639,48.9,0
2026-07-27 19:21:16,1,15953,32639,48.9,0
2026-07-27 19:21:23,1,15955,32639,48.9,0
2026-07-27 19:21:29,14,15948,32639,48.9,0
2026-07-27 19:21:35,5,15975,32639,48.9,0
2026-07-27 19:21:42,0,15985,32639,49,122.5
2026-07-27 19:21:48,14,15975,32639,48.9,0
2026-07-27 19:21:55,1,15969,32639,48.9,0
2026-07-27 19:22:01,0,15974,32639,48.9,15.8
2026-07-27 19:22:07,1,15978,32639,49,0
2026-07-27 19:22:14,1,15975,32639,48.9,0
2026-07-27 19:22:20,7,15975,32639,48.9,0
2026-07-27 19:22:27,5,16060,32639,49.2,2113.1
2026-07-27 19:22:33,31,16100,32639,49.3,15.2
2026-07-27 19:22:40,14,16146,32639,49.5,0
2026-07-27 19:22:46,13,16092,32639,49.3,1651.2
2026-07-27 19:22:52,23,16161,32639,49.5,343.4
2026-07-27 19:22:59,12,16137,32639,49.4,0
2026-07-27 19:23:05,8,16142,32639,49.5,0
2026-07-27 19:23:12,15,16125,32639,49.4,2216
2026-07-27 19:23:18,7,16123,32639,49.4,0
2026-07-27 19:23:25,10,16146,32639,49.5,0
2026-07-27 19:23:31,4,16124,32639,49.4,15.2
2026-07-27 19:23:37,0,16137,32639,49.4,0
2026-07-27 19:23:44,14,16145,32639,49.5,123.9
2026-07-27 19:23:50,5,16146,32639,49.5,0
2026-07-27 19:23:57,0,16090,32639,49.3,0
2026-07-27 19:24:03,6,16112,32639,49.4,0
2026-07-27 19:24:09,23,16146,32639,49.5,0
2026-07-27 19:24:16,8,16150,32639,49.5,183.1
2026-07-27 19:24:22,1,16156,32639,49.5,0
2026-07-27 19:24:29,8,16142,32639,49.5,0
2026-07-27 19:24:35,19,16167,32639,49.5,0
2026-07-27 19:24:42,0,16160,32639,49.5,0
2026-07-27 19:24:48,1,16159,32639,49.5,230.5
2026-07-27 19:24:54,0,16166,32639,49.5,0
2026-07-27 19:25:01,1,16167,32639,49.5,0
2026-07-27 19:25:07,3,16137,32639,49.4,0
2026-07-27 19:25:14,4,16125,32639,49.4,0
2026-07-27 19:25:20,7,16141,32639,49.5,0
2026-07-27 19:25:27,10,16162,32639,49.5,0
2026-07-27 19:25:33,3,16121,32639,49.4,345.7
2026-07-27 19:25:39,14,16058,32639,49.2,0
2026-07-27 19:25:46,9,16073,32639,49.2,30.8
2026-07-27 19:25:52,15,16170,32639,49.5,604.2
2026-07-27 19:25:59,7,16256,32639,49.8,0
2026-07-27 19:26:05,12,16171,32639,49.5,0
2026-07-27 19:26:12,3,16140,32639,49.5,0
2026-07-27 19:26:18,7,16108,32639,49.4,0
2026-07-27 19:26:24,13,16102,32639,49.3,0
2026-07-27 19:26:31,17,16098,32639,49.3,4052.4
2026-07-27 19:26:37,12,16095,32639,49.3,0
2026-07-27 19:26:44,2,16176,32639,49.6,0
2026-07-27 19:26:50,13,16159,32639,49.5,684.1
2026-07-27 19:26:56,15,14185,32639,43.5,0
2026-07-27 19:27:03,6,14184,32639,43.5,0
2026-07-27 19:27:09,25,14224,32639,43.6,169.9
2026-07-27 19:27:16,13,14511,32639,44.5,94.1
2026-07-27 19:27:22,39,14556,32639,44.6,0
2026-07-27 19:27:29,6,14551,32639,44.6,0
2026-07-27 19:27:35,10,14537,32639,44.5,0
2026-07-27 19:27:41,11,14164,32639,43.4,0
2026-07-27 19:27:48,4,14171,32639,43.4,0
2026-07-27 19:27:54,1,14134,32639,43.3,0
2026-07-27 19:28:01,9,14173,32639,43.4,15.8
2026-07-27 19:28:07,2,14166,32639,43.4,0
2026-07-27 19:28:14,11,14531,32639,44.5,0
2026-07-27 19:28:20,7,14549,32639,44.6,0
2026-07-27 19:28:26,2,14570,32639,44.6,15.2
2026-07-27 19:28:33,7,14523,32639,44.5,0
2026-07-27 19:28:39,1,14501,32639,44.4,0
2026-07-27 19:28:46,3,14509,32639,44.5,15.3
2026-07-27 19:28:52,1,14521,32639,44.5,0
2026-07-27 19:28:59,3,14514,32639,44.5,0
2026-07-27 19:29:05,1,14530,32639,44.5,0
2026-07-27 19:29:11,7,14547,32639,44.6,0
2026-07-27 19:29:18,13,14558,32639,44.6,0
2026-07-27 19:29:24,3,14533,32639,44.5,0
2026-07-27 19:29:31,20,14540,32639,44.5,0
2026-07-27 19:29:37,3,14562,32639,44.6,0
2026-07-27 19:29:44,4,14561,32639,44.6,0
2026-07-27 19:29:50,9,14546,32639,44.6,0
2026-07-27 19:29:56,9,14551,32639,44.6,307.8
2026-07-27 19:30:03,6,14570,32639,44.6,0
2026-07-27 19:30:09,2,14575,32639,44.7,0
2026-07-27 19:30:16,8,14512,32639,44.5,31.3
2026-07-27 19:30:22,4,14600,32639,44.7,0
2026-07-27 19:30:29,3,14497,32639,44.4,0
2026-07-27 19:30:35,17,14496,32639,44.4,15.1
2026-07-27 19:30:41,5,14513,32639,44.5,0
2026-07-27 19:30:48,3,14094,32639,43.2,0
2026-07-27 19:30:54,5,14079,32639,43.1,0
2026-07-27 19:31:01,8,14079,32639,43.1,0
2026-07-27 19:31:07,8,14107,32639,43.2,46.7
2026-07-27 19:31:13,21,14329,32639,43.9,510.7
2026-07-27 19:31:20,7,14105,32639,43.2,143.2
2026-07-27 19:31:26,4,14136,32639,43.3,0
2026-07-27 19:31:33,16,14171,32639,43.4,0
2026-07-27 19:31:39,14,14165,32639,43.4,0
2026-07-27 19:31:46,13,14137,32639,43.3,15.6
2026-07-27 19:31:52,13,14128,32639,43.3,0
2026-07-27 19:31:58,2,14127,32639,43.3,0
2026-07-27 19:32:05,6,14119,32639,43.3,0
2026-07-27 19:32:11,13,14129,32639,43.3,0
2026-07-27 19:32:18,0,14109,32639,43.2,0
2026-07-27 19:32:24,38,14267,32639,43.7,185.1
2026-07-27 19:32:31,7,14502,32639,44.4,0
2026-07-27 19:32:37,4,14526,32639,44.5,0
2026-07-27 19:32:43,4,14531,32639,44.5,0
2026-07-27 19:32:50,9,14498,32639,44.4,677.2
2026-07-27 19:32:56,12,14513,32639,44.5,0
2026-07-27 19:33:03,14,14528,32639,44.5,0
2026-07-27 19:33:09,0,14525,32639,44.5,0
2026-07-27 19:33:16,17,14586,32639,44.7,46.3
2026-07-27 19:33:22,2,14557,32639,44.6,0
2026-07-27 19:33:28,4,14556,32639,44.6,0
2026-07-27 19:33:35,2,14562,32639,44.6,0
2026-07-27 19:33:41,7,14513,32639,44.5,0
2026-07-27 19:33:48,0,14522,32639,44.5,0
2026-07-27 19:33:54,1,14524,32639,44.5,3059.1
2026-07-27 19:34:01,10,14524,32639,44.5,15.5
2026-07-27 19:34:07,9,14531,32639,44.5,0
2026-07-27 19:34:13,1,14534,32639,44.5,197.9
2026-07-27 19:34:20,9,14553,32639,44.6,1125.8
2026-07-27 19:34:26,9,14565,32639,44.6,0
2026-07-27 19:34:33,3,14484,32639,44.4,0
2026-07-27 19:34:39,0,14501,32639,44.4,0
2026-07-27 19:34:46,5,14522,32639,44.5,15.7
2026-07-27 19:34:52,14,14557,32639,44.6,0
2026-07-27 19:34:58,16,14539,32639,44.5,0
2026-07-27 19:35:05,6,14547,32639,44.6,0
2026-07-27 19:35:11,7,14555,32639,44.6,0
2026-07-27 19:35:18,3,14557,32639,44.6,0
2026-07-27 19:35:24,3,14550,32639,44.6,0
2026-07-27 19:35:30,9,14564,32639,44.6,282.2
2026-07-27 19:35:37,35,14722,32639,45.1,0
2026-07-27 19:35:44,42,16030,32639,49.1,126.2
2026-07-27 19:35:51,29,16235,32639,49.7,426.3
2026-07-27 19:35:57,27,16473,32639,50.5,0
2026-07-27 19:36:04,24,16623,32639,50.9,0
2026-07-27 19:36:10,16,16808,32639,51.5,172.5
2026-07-27 19:36:17,21,16826,32639,51.6,0
2026-07-27 19:36:23,14,17128,32639,52.5,0
2026-07-27 19:36:29,16,17433,32639,53.4,0
2026-07-27 19:36:36,12,17450,32639,53.5,0
2026-07-27 19:36:42,12,17455,32639,53.5,0
2026-07-27 19:36:50,13,17482,32639,53.6,0
2026-07-27 19:36:56,17,17453,32639,53.5,0
2026-07-27 19:37:03,51,17463,32639,53.5,0
2026-07-27 19:37:09,29,17462,32639,53.5,0
2026-07-27 19:37:16,12,17483,32639,53.6,0
2026-07-27 19:37:22,10,17478,32639,53.5,0
2026-07-27 19:37:29,15,17489,32639,53.6,0
2026-07-27 19:37:35,20,17492,32639,53.6,0
2026-07-27 19:37:42,6,17289,32639,53,303.1
2026-07-27 19:37:48,18,17291,32639,53,0
2026-07-27 19:37:54,20,17296,32639,53,47.6
2026-07-27 19:38:01,22,17314,32639,53,0
2026-07-27 19:38:07,20,17314,32639,53,325.2
2026-07-27 19:38:14,13,17318,32639,53.1,0
2026-07-27 19:38:20,15,17325,32639,53.1,0
2026-07-27 19:38:27,17,17326,32639,53.1,0
2026-07-27 19:38:33,17,17307,32639,53,0
2026-07-27 19:38:39,17,17306,32639,53,234.6
2026-07-27 19:38:46,21,17308,32639,53,0
2026-07-27 19:38:52,14,17304,32639,53,686.6
2026-07-27 19:38:59,18,17308,32639,53,0
2026-07-27 19:39:05,27,17307,32639,53,0
2026-07-27 19:39:12,18,17308,32639,53,278
2026-07-27 19:39:18,11,17316,32639,53.1,350.1
2026-07-27 19:39:25,18,17300,32639,53,350.6
2026-07-27 19:39:31,20,17294,32639,53,0
2026-07-27 19:39:38,45,17245,32639,52.8,0
2026-07-27 19:39:44,23,17253,32639,52.9,0
2026-07-27 19:39:50,16,17258,32639,52.9,0
2026-07-27 19:39:57,13,17266,32639,52.9,0
2026-07-27 19:40:03,20,17270,32639,52.9,152.5
2026-07-27 19:40:10,41,17270,32639,52.9,0
2026-07-27 19:40:16,9,17285,32639,53,348.1
2026-07-27 19:40:23,37,17473,32639,53.5,31.7
2026-07-27 19:40:29,17,17396,32639,53.3,1992.4
2026-07-27 19:40:36,28,17388,32639,53.3,0
2026-07-27 19:40:42,12,17395,32639,53.3,0
2026-07-27 19:40:49,15,17349,32639,53.2,0
2026-07-27 19:40:55,22,17314,32639,53,150.7
2026-07-27 19:41:01,15,17326,32639,53.1,0
2026-07-27 19:41:08,17,17329,32639,53.1,0
2026-07-27 19:41:14,20,17327,32639,53.1,0
2026-07-27 19:41:21,17,17343,32639,53.1,0
2026-07-27 19:41:27,15,17336,32639,53.1,0
2026-07-27 19:41:34,23,17325,32639,53.1,0
2026-07-27 19:41:40,25,17331,32639,53.1,325.2
2026-07-27 19:41:47,17,17292,32639,53,0
2026-07-27 19:41:53,18,17297,32639,53,0
2026-07-27 19:41:59,10,17307,32639,53,0
2026-07-27 19:42:06,19,17317,32639,53.1,121.4
2026-07-27 19:42:12,20,17318,32639,53.1,0
2026-07-27 19:42:19,14,17325,32639,53.1,0
2026-07-27 19:42:25,22,17329,32639,53.1,0
2026-07-27 19:42:32,18,17338,32639,53.1,272.4
2026-07-27 19:42:38,12,17308,32639,53,0
2026-07-27 19:42:45,15,17050,32639,52.2,0
2026-07-27 19:42:51,39,17065,32639,52.3,0
2026-07-27 19:42:57,13,17062,32639,52.3,0
2026-07-27 19:43:04,41,17067,32639,52.3,0
2026-07-27 19:43:10,12,17065,32639,52.3,438.3
2026-07-27 19:43:17,14,17052,32639,52.2,0
2026-07-27 19:43:24,10,17057,32639,52.3,196.4
2026-07-27 19:43:30,23,17060,32639,52.3,0
2026-07-27 19:43:37,18,17021,32639,52.1,0
2026-07-27 19:43:43,12,17032,32639,52.2,0
2026-07-27 19:43:49,26,17035,32639,52.2,497.7
2026-07-27 19:43:56,21,17053,32639,52.2,0
2026-07-27 19:44:02,52,17046,32639,52.2,0
2026-07-27 19:44:09,21,17044,32639,52.2,0
2026-07-27 19:44:15,22,17053,32639,52.2,0
2026-07-27 19:44:22,12,17054,32639,52.3,0
2026-07-27 19:44:28,15,17025,32639,52.2,0
2026-07-27 19:44:35,18,17024,32639,52.2,198.3
2026-07-27 19:44:41,12,17038,32639,52.2,0
2026-07-27 19:44:47,15,17039,32639,52.2,0
2026-07-27 19:44:54,15,17043,32639,52.2,0
2026-07-27 19:45:00,14,17048,32639,52.2,197.3
2026-07-27 19:45:07,12,17054,32639,52.3,0
2026-07-27 19:45:13,15,17069,32639,52.3,0
2026-07-27 19:45:20,23,17046,32639,52.2,0
2026-07-27 19:45:26,14,17051,32639,52.2,0
2026-07-27 19:45:33,17,17063,32639,52.3,0
2026-07-27 19:45:39,11,17059,32639,52.3,0
2026-07-27 19:45:45,9,17063,32639,52.3,159.6
2026-07-27 19:45:52,15,17071,32639,52.3,0
2026-07-27 19:45:58,15,17054,32639,52.3,241.4
2026-07-27 19:46:05,51,17055,32639,52.3,0
2026-07-27 19:46:11,21,17065,32639,52.3,212
2026-07-27 19:46:18,23,17079,32639,52.3,77.7
2026-07-27 19:46:24,23,17058,32639,52.3,0
2026-07-27 19:46:31,18,17068,32639,52.3,0
2026-07-27 19:46:37,21,17052,32639,52.2,0
2026-07-27 19:46:43,19,17037,32639,52.2,0
2026-07-27 19:46:50,16,17038,32639,52.2,0
2026-07-27 19:46:56,21,17068,32639,52.3,272
2026-07-27 19:47:03,15,17072,32639,52.3,0
2026-07-27 19:47:09,9,17071,32639,52.3,0
2026-07-27 19:47:16,18,17085,32639,52.3,0
2026-07-27 19:47:22,42,17093,32639,52.4,664.1
2026-07-27 19:47:29,32,17100,32639,52.4,0
2026-07-27 19:47:35,34,17379,32639,53.2,1683.4
2026-07-27 19:47:41,23,17690,32639,54.2,0
2026-07-27 19:47:48,18,17741,32639,54.4,45.8
2026-07-27 19:47:54,51,17802,32639,54.5,0
2026-07-27 19:48:01,25,17762,32639,54.4,0
2026-07-27 19:48:07,20,17753,32639,54.4,0
2026-07-27 19:48:14,17,17802,32639,54.5,423.5
2026-07-27 19:48:20,16,17626,32639,54,0
2026-07-27 19:48:27,12,17622,32639,54,902
2026-07-27 19:48:33,23,17627,32639,54,3491.4
2026-07-27 19:48:40,40,17585,32639,53.9,0
2026-07-27 19:48:46,21,17552,32639,53.8,0
2026-07-27 19:48:52,9,17526,32639,53.7,0
2026-07-27 19:48:59,17,17526,32639,53.7,186.8
2026-07-27 19:49:05,25,17514,32639,53.7,0
2026-07-27 19:49:12,13,17516,32639,53.7,347.3
2026-07-27 19:49:18,23,17524,32639,53.7,0
2026-07-27 19:49:25,13,17535,32639,53.7,604.6
2026-07-27 19:49:31,12,17538,32639,53.7,0
2026-07-27 19:49:38,14,17538,32639,53.7,0
2026-07-27 19:49:44,11,17538,32639,53.7,0
2026-07-27 19:49:51,11,17546,32639,53.8,0
2026-07-27 19:49:57,17,17504,32639,53.6,0
2026-07-27 19:50:03,16,17517,32639,53.7,0
2026-07-27 19:50:10,13,17524,32639,53.7,156.2
2026-07-27 19:50:16,17,17515,32639,53.7,250.6
2026-07-27 19:50:23,15,17624,32639,54,0
2026-07-27 19:50:29,15,17537,32639,53.7,0
2026-07-27 19:50:36,19,17536,32639,53.7,171.5
2026-07-27 19:50:42,28,17570,32639,53.8,0
2026-07-27 19:50:49,15,17575,32639,53.8,0
2026-07-27 19:50:55,25,17550,32639,53.8,0
2026-07-27 19:51:01,24,17522,32639,53.7,323.4
2026-07-27 19:51:08,15,17521,32639,53.7,0
2026-07-27 19:51:14,24,17291,32639,53,0
2026-07-27 19:51:21,26,17329,32639,53.1,504.1
2026-07-27 19:51:27,29,17332,32639,53.1,0
2026-07-27 19:51:34,24,17351,32639,53.2,0
2026-07-27 19:51:40,10,17337,32639,53.1,0
2026-07-27 19:51:47,25,17314,32639,53,493.6
2026-07-27 19:51:53,21,17314,32639,53,0
2026-07-27 19:51:59,27,17318,32639,53.1,0
2026-07-27 19:52:06,23,17330,32639,53.1,0
2026-07-27 19:52:12,14,17332,32639,53.1,0
2026-07-27 19:52:19,20,17337,32639,53.1,0
2026-07-27 19:52:25,31,17342,32639,53.1,980.1
2026-07-27 19:52:32,12,17355,32639,53.2,0
2026-07-27 19:52:38,11,17345,32639,53.1,154.6
2026-07-27 19:52:45,12,17326,32639,53.1,15.9
2026-07-27 19:52:52,14,17354,32639,53.2,0
2026-07-27 19:52:59,20,17356,32639,53.2,0
2026-07-27 19:53:05,16,17359,32639,53.2,0
2026-07-27 19:53:12,14,17337,32639,53.1,263
2026-07-27 19:53:18,33,17369,32639,53.2,2756
2026-07-27 19:53:25,17,17386,32639,53.3,0
2026-07-27 19:53:31,12,17396,32639,53.3,0
2026-07-27 19:53:37,59,17400,32639,53.3,0
2026-07-27 19:53:44,11,17335,32639,53.1,153.5
2026-07-27 19:53:50,14,17345,32639,53.1,0
2026-07-27 19:53:57,15,17373,32639,53.2,46.2
2026-07-27 19:54:03,15,17377,32639,53.2,0
2026-07-27 19:54:10,9,17380,32639,53.2,340.1
2026-07-27 19:54:16,17,17389,32639,53.3,0
2026-07-27 19:54:23,17,17399,32639,53.3,0
2026-07-27 19:54:29,20,17401,32639,53.3,0
2026-07-27 19:54:36,20,17411,32639,53.3,0
2026-07-27 19:54:42,23,17380,32639,53.2,262.7
2026-07-27 19:54:48,24,17384,32639,53.3,0
2026-07-27 19:54:55,11,17372,32639,53.2,0
2026-07-27 19:55:01,15,17376,32639,53.2,0
2026-07-27 19:55:08,24,17381,32639,53.3,0
2026-07-27 19:55:14,12,17379,32639,53.2,0
2026-07-27 19:55:21,22,17379,32639,53.2,556.5
2026-07-27 19:55:27,13,17389,32639,53.3,0
2026-07-27 19:55:34,14,17355,32639,53.2,0
2026-07-27 19:55:40,42,17231,32639,52.8,0
2026-07-27 19:55:46,8,17217,32639,52.7,0
2026-07-27 19:55:53,3,17221,32639,52.8,0
2026-07-27 19:55:59,13,17265,32639,52.9,0
2026-07-27 19:56:06,2,17269,32639,52.9,0
2026-07-27 19:56:12,1,17258,32639,52.9,227
2026-07-27 19:56:19,26,17268,32639,52.9,0
2026-07-27 19:56:25,3,13830,32639,42.4,0
2026-07-27 19:56:31,22,14296,32639,43.8,2524.1
2026-07-27 19:56:38,2,14262,32639,43.7,0
2026-07-27 19:56:44,4,14284,32639,43.8,0
2026-07-27 19:56:51,9,14349,32639,44,93.7
2026-07-27 19:56:57,2,14286,32639,43.8,46
2026-07-27 19:57:04,3,14287,32639,43.8,0
2026-07-27 19:57:10,3,14276,32639,43.7,0
2026-07-27 19:57:16,6,14274,32639,43.7,880.7
2026-07-27 19:57:23,9,14270,32639,43.7,0
2026-07-27 19:57:29,4,14307,32639,43.8,0
2026-07-27 19:57:36,4,14285,32639,43.8,15.4
2026-07-27 19:57:42,4,14283,32639,43.8,15.4
2026-07-27 19:57:49,19,14287,32639,43.8,0
2026-07-27 19:57:54,10,14263,32639,43.7,0
2026-07-27 19:57:55,7,14271,32639,43.7,565
2026-07-27 19:58:00,2,14252,32639,43.7,0
2026-07-27 19:58:01,5,14252,32639,43.7,231.1
2026-07-27 19:58:07,7,14259,32639,43.7,1937.6
2026-07-27 19:58:08,3,14245,32639,43.6,0
2026-07-27 19:58:13,68,14600,32639,44.7,0
2026-07-27 19:58:14,43,14615,32639,44.8,0
2026-07-27 19:58:20,35,14679,32639,45,0
2026-07-27 19:58:21,37,14760,32639,45.2,0
2026-07-27 19:58:26,25,15025,32639,46,0
2026-07-27 19:58:27,30,15029,32639,46,228.1
2026-07-27 19:58:33,26,15343,32639,47,268.5
2026-07-27 19:58:34,27,15326,32639,47,0
2026-07-27 19:58:39,32,15533,32639,47.6,0
2026-07-27 19:58:40,45,15545,32639,47.6,0
2026-07-27 19:58:46,21,15747,32639,48.2,0
2026-07-27 19:58:47,12,15753,32639,48.3,358.4
2026-07-27 19:58:52,15,15890,32639,48.7,0
2026-07-27 19:58:53,17,15903,32639,48.7,0
2026-07-27 19:58:59,15,15903,32639,48.7,0
2026-07-27 19:58:59,24,15909,32639,48.7,0
2026-07-27 19:59:05,22,15982,32639,49,0
2026-07-27 19:59:06,16,15983,32639,49,0
2026-07-27 19:59:11,21,15983,32639,49,0
2026-07-27 19:59:12,29,15985,32639,49,764
2026-07-27 19:59:18,23,15984,32639,49,215.9
2026-07-27 19:59:19,20,15991,32639,49,0
2026-07-27 19:59:24,22,15987,32639,49,0
2026-07-27 19:59:25,14,15994,32639,49,0
2026-07-27 19:59:31,32,16011,32639,49.1,0
2026-07-27 19:59:32,23,16018,32639,49.1,0
2026-07-27 19:59:37,15,16082,32639,49.3,0
2026-07-27 19:59:38,22,16079,32639,49.3,0
2026-07-27 19:59:44,21,16080,32639,49.3,186
2026-07-27 19:59:45,29,16084,32639,49.3,0
2026-07-27 19:59:50,14,16071,32639,49.2,0
2026-07-27 19:59:51,10,16074,32639,49.2,496.5
2026-07-27 19:59:57,21,16073,32639,49.2,0
2026-07-27 19:59:57,18,16076,32639,49.3,260.9
2026-07-27 20:00:03,18,16050,32639,49.2,0
2026-07-27 20:00:04,20,16051,32639,49.2,0
2026-07-27 20:00:09,13,16102,32639,49.3,0
2026-07-27 20:00:10,16,16110,32639,49.4,92
2026-07-27 20:00:16,23,16108,32639,49.4,0
2026-07-27 20:00:17,18,16115,32639,49.4,0
2026-07-27 20:00:22,21,16231,32639,49.7,0
2026-07-27 20:00:23,17,16240,32639,49.8,501.1
2026-07-27 20:00:29,24,16127,32639,49.4,174.8
2026-07-27 20:00:30,15,16125,32639,49.4,0
2026-07-27 20:00:35,26,16120,32639,49.4,0
2026-07-27 20:00:36,24,16126,32639,49.4,0
2026-07-27 20:00:42,20,16097,32639,49.3,0
2026-07-27 20:00:43,28,16099,32639,49.3,0
2026-07-27 20:00:48,18,16106,32639,49.3,0
2026-07-27 20:00:49,26,16108,32639,49.4,214.6
2026-07-27 20:00:55,26,16091,32639,49.3,190.8
2026-07-27 20:00:55,31,16097,32639,49.3,0
2026-07-27 20:01:01,19,16097,32639,49.3,0
2026-07-27 20:01:02,22,16103,32639,49.3,0
2026-07-27 20:01:07,10,16106,32639,49.3,225.7
2026-07-27 20:01:08,25,16107,32639,49.3,0
2026-07-27 20:01:14,18,16112,32639,49.4,0
2026-07-27 20:01:15,14,16116,32639,49.4,0
2026-07-27 20:01:20,15,16136,32639,49.4,0
2026-07-27 20:01:21,11,16134,32639,49.4,0
2026-07-27 20:01:27,17,16136,32639,49.4,0
2026-07-27 20:01:28,23,16138,32639,49.4,0
2026-07-27 20:01:33,40,16277,32639,49.9,0
2026-07-27 20:01:34,35,16505,32639,50.6,41487.3
2026-07-27 20:01:40,21,16278,32639,49.9,87884.3
2026-07-27 20:01:41,18,16265,32639,49.8,0
2026-07-27 20:01:46,29,16211,32639,49.7,0
2026-07-27 20:01:47,21,16203,32639,49.6,0
2026-07-27 20:01:53,21,16170,32639,49.5,15.1
2026-07-27 20:01:53,32,16163,32639,49.5,0
2026-07-27 20:01:59,18,16135,32639,49.4,0
2026-07-27 20:02:00,17,16147,32639,49.5,11899.2
2026-07-27 20:02:05,17,16164,32639,49.5,7888.8
2026-07-27 20:02:06,26,16135,32639,49.4,0
2026-07-27 20:02:12,21,16137,32639,49.4,0
2026-07-27 20:02:13,23,16142,32639,49.5,0
2026-07-27 20:02:18,26,16141,32639,49.5,31.3
2026-07-27 20:02:19,10,16146,32639,49.5,0
2026-07-27 20:02:25,15,16143,32639,49.5,0
2026-07-27 20:02:26,27,16143,32639,49.5,0
2026-07-27 20:02:31,11,16142,32639,49.5,0
2026-07-27 20:02:32,19,16144,32639,49.5,0
2026-07-27 20:02:38,20,16159,32639,49.5,15.7
2026-07-27 20:02:39,32,16160,32639,49.5,0
2026-07-27 20:02:44,14,16162,32639,49.5,297.5
2026-07-27 20:02:45,28,16178,32639,49.6,1190.9
2026-07-27 20:02:51,23,16185,32639,49.6,171.8
2026-07-27 20:02:52,18,16185,32639,49.6,0
2026-07-27 20:02:57,18,16179,32639,49.6,0
2026-07-27 20:02:58,23,16183,32639,49.6,0
2026-07-27 20:03:03,26,16152,32639,49.5,204.3
2026-07-27 20:03:04,18,16160,32639,49.5,0
2026-07-27 20:03:10,29,16156,32639,49.5,0
2026-07-27 20:03:11,29,16164,32639,49.5,284.8
2026-07-27 20:03:16,27,16188,32639,49.6,190.8
2026-07-27 20:03:17,21,16203,32639,49.6,0
2026-07-27 20:03:23,23,16205,32639,49.6,46.7
2026-07-27 20:03:24,32,16212,32639,49.7,0
2026-07-27 20:03:29,16,16209,32639,49.7,0
2026-07-27 20:03:30,22,16208,32639,49.7,0
2026-07-27 20:03:36,17,16218,32639,49.7,0
2026-07-27 20:03:37,14,16228,32639,49.7,30.9
2026-07-27 20:03:42,17,16154,32639,49.5,517.7
2026-07-27 20:03:43,33,16151,32639,49.5,0
2026-07-27 20:03:49,17,16160,32639,49.5,219.4
2026-07-27 20:03:50,15,16162,32639,49.5,502.5
2026-07-27 20:03:55,19,16151,32639,49.5,0
2026-07-27 20:03:56,14,16157,32639,49.5,370.7
2026-07-27 20:04:02,20,16167,32639,49.5,0
2026-07-27 20:04:02,17,16161,32639,49.5,0
2026-07-27 20:04:08,35,16159,32639,49.5,0
2026-07-27 20:04:09,11,16169,32639,49.5,0
2026-07-27 20:04:14,20,16167,32639,49.5,0
2026-07-27 20:04:15,15,16172,32639,49.5,0
2026-07-27 20:04:21,42,16160,32639,49.5,0
2026-07-27 20:04:22,18,16168,32639,49.5,323.5
2026-07-27 20:04:27,17,16148,32639,49.5,249.6
2026-07-27 20:04:28,20,16146,32639,49.5,0
2026-07-27 20:04:34,20,16146,32639,49.5,0
2026-07-27 20:04:35,19,16147,32639,49.5,0
2026-07-27 20:04:40,26,16144,32639,49.5,0
2026-07-27 20:04:41,17,16151,32639,49.5,0
2026-07-27 20:04:47,12,16153,32639,49.5,773
2026-07-27 20:04:48,18,16157,32639,49.5,0
2026-07-27 20:04:53,18,16179,32639,49.6,263.6
2026-07-27 20:04:54,16,16179,32639,49.6,0
2026-07-27 20:05:00,24,16196,32639,49.6,0
2026-07-27 20:05:00,30,16204,32639,49.6,0
2026-07-27 20:05:06,28,16163,32639,49.5,0
2026-07-27 20:05:07,13,16169,32639,49.5,5450.8
2026-07-27 20:05:12,12,16170,32639,49.5,0
2026-07-27 20:05:13,15,16171,32639,49.5,0
2026-07-27 20:05:19,20,16200,32639,49.6,0
2026-07-27 20:05:20,19,16206,32639,49.7,0
2026-07-27 20:05:25,19,16181,32639,49.6,0
2026-07-27 20:05:26,20,16179,32639,49.6,0
2026-07-27 20:05:32,11,16183,32639,49.6,0
2026-07-27 20:05:33,24,16185,32639,49.6,319.6
2026-07-27 20:05:38,26,16183,32639,49.6,563.7
2026-07-27 20:05:39,24,16186,32639,49.6,0
2026-07-27 20:05:45,15,16164,32639,49.5,0
2026-07-27 20:05:46,26,16169,32639,49.5,0
2026-07-27 20:05:51,29,16132,32639,49.4,0
2026-07-27 20:05:52,16,16139,32639,49.4,0
2026-07-27 20:05:58,8,16106,32639,49.3,0
2026-07-27 20:05:58,22,16120,32639,49.4,363.7
2026-07-27 20:06:04,18,16109,32639,49.4,167.5
2026-07-27 20:06:05,23,16111,32639,49.4,0
2026-07-27 20:06:10,20,16117,32639,49.4,0
2026-07-27 20:06:11,23,16120,32639,49.4,0
2026-07-27 20:06:17,12,16124,32639,49.4,0
2026-07-27 20:06:18,17,16123,32639,49.4,227.6
2026-07-27 20:06:23,18,16152,32639,49.5,0
2026-07-27 20:06:24,13,16158,32639,49.5,0
2026-07-27 20:06:30,10,16160,32639,49.5,0
2026-07-27 20:06:31,22,16168,32639,49.5,0
2026-07-27 20:06:36,12,16173,32639,49.6,0
2026-07-27 20:06:37,15,16179,32639,49.6,0
2026-07-27 20:06:43,24,16143,32639,49.5,0
2026-07-27 20:06:44,19,16137,32639,49.4,286.9
2026-07-27 20:06:49,22,16138,32639,49.4,185
2026-07-27 20:06:50,14,16142,32639,49.5,0
2026-07-27 20:06:56,23,16156,32639,49.5,0
2026-07-27 20:06:56,20,16158,32639,49.5,0
2026-07-27 20:07:02,26,16160,32639,49.5,0
2026-07-27 20:07:03,26,16168,32639,49.5,0
2026-07-27 20:07:08,21,16169,32639,49.5,0
2026-07-27 20:07:09,15,16166,32639,49.5,183.9
2026-07-27 20:07:15,12,16166,32639,49.5,168
2026-07-27 20:07:16,13,16168,32639,49.5,0
2026-07-27 20:07:21,24,16169,32639,49.5,0
2026-07-27 20:07:22,24,16146,32639,49.5,0
2026-07-27 20:07:28,12,16151,32639,49.5,0
2026-07-27 20:07:29,15,16151,32639,49.5,328.2
2026-07-27 20:07:34,19,16136,32639,49.4,0
2026-07-27 20:07:35,13,16144,32639,49.5,0
2026-07-27 20:07:41,18,16143,32639,49.5,0
2026-07-27 20:07:42,29,16143,32639,49.5,0
2026-07-27 20:07:47,16,16142,32639,49.5,0
2026-07-27 20:07:48,17,16150,32639,49.5,15.3
2026-07-27 20:07:54,17,16149,32639,49.5,0
2026-07-27 20:07:54,14,16147,32639,49.5,227
2026-07-27 20:08:00,16,16155,32639,49.5,188.9
2026-07-27 20:08:01,23,16159,32639,49.5,0
2026-07-27 20:08:06,21,16160,32639,49.5,0
2026-07-27 20:08:07,17,16164,32639,49.5,0
2026-07-27 20:08:13,31,16168,32639,49.5,0
2026-07-27 20:08:14,15,16173,32639,49.6,30.8
2026-07-27 20:08:19,29,16169,32639,49.5,0
2026-07-27 20:08:20,25,16170,32639,49.5,213
2026-07-27 20:08:26,16,16168,32639,49.5,246.6
2026-07-27 20:08:27,21,16168,32639,49.5,0
2026-07-27 20:08:32,18,16140,32639,49.5,0
2026-07-27 20:08:33,32,16140,32639,49.5,0
2026-07-27 20:08:39,23,16147,32639,49.5,0
2026-07-27 20:08:40,21,16149,32639,49.5,0
2026-07-27 20:08:45,13,16152,32639,49.5,0
2026-07-27 20:08:46,20,16132,32639,49.4,0
2026-07-27 20:08:52,8,16164,32639,49.5,31.5
2026-07-27 20:08:54,14,16213,32639,49.7,0
2026-07-27 20:08:58,14,16196,32639,49.6,0
2026-07-27 20:09:00,16,16201,32639,49.6,0
2026-07-27 20:09:04,15,16204,32639,49.6,0
2026-07-27 20:09:06,15,16206,32639,49.7,0
2026-07-27 20:09:11,14,16183,32639,49.6,359.6
2026-07-27 20:09:13,29,16191,32639,49.6,0
2026-07-27 20:09:17,20,16192,32639,49.6,0
2026-07-27 20:09:19,18,16192,32639,49.6,0
2026-07-27 20:09:24,19,16203,32639,49.6,0
2026-07-27 20:09:26,21,16204,32639,49.6,291.8
2026-07-27 20:09:30,12,16204,32639,49.6,0
2026-07-27 20:09:32,21,16205,32639,49.6,0
2026-07-27 20:09:37,18,16200,32639,49.6,263.4
2026-07-27 20:09:39,20,16196,32639,49.6,0
2026-07-27 20:09:43,15,16199,32639,49.6,0
2026-07-27 20:09:45,25,16193,32639,49.6,0
2026-07-27 20:09:50,12,16198,32639,49.6,4761.9
2026-07-27 20:09:52,18,16208,32639,49.7,2799.4
2026-07-27 20:09:56,23,16210,32639,49.7,0
2026-07-27 20:09:58,23,16207,32639,49.7,184.6
2026-07-27 20:10:02,17,16211,32639,49.7,0
2026-07-27 20:10:05,11,16213,32639,49.7,0
2026-07-27 20:10:09,35,16212,32639,49.7,0
2026-07-27 20:10:11,15,16217,32639,49.7,0
2026-07-27 20:10:15,26,16223,32639,49.7,0
2026-07-27 20:10:17,20,16203,32639,49.6,0
2026-07-27 20:10:22,21,16327,32639,50,555.1
2026-07-27 20:10:24,20,16252,32639,49.8,0
2026-07-27 20:10:28,15,16236,32639,49.7,124.5
2026-07-27 20:10:30,16,16236,32639,49.7,0
2026-07-27 20:10:35,18,16274,32639,49.9,46.1
2026-07-27 20:10:37,12,16278,32639,49.9,543.5
2026-07-27 20:10:41,28,16303,32639,49.9,0
2026-07-27 20:10:43,21,16311,32639,50,0
2026-07-27 20:10:48,20,16297,32639,49.9,1148.3
2026-07-27 20:10:50,23,16295,32639,49.9,1595.6
2026-07-27 20:10:54,23,16250,32639,49.8,0
2026-07-27 20:10:56,17,16251,32639,49.8,138.8
2026-07-27 20:11:00,27,16265,32639,49.8,0
2026-07-27 20:11:03,13,16226,32639,49.7,341.9
2026-07-27 20:11:07,17,16230,32639,49.7,0
2026-07-27 20:11:09,23,16235,32639,49.7,0
2026-07-27 20:11:13,6,16231,32639,49.7,0
2026-07-27 20:11:15,22,16228,32639,49.7,0
2026-07-27 20:11:20,3,16234,32639,49.7,45.9
2026-07-27 20:11:22,23,16243,32639,49.8,0
2026-07-27 20:11:26,13,16231,32639,49.7,0
2026-07-27 20:11:28,20,16234,32639,49.7,170.1
2026-07-27 20:11:33,12,16234,32639,49.7,667.9
2026-07-27 20:11:35,13,16238,32639,49.8,0
2026-07-27 20:11:39,20,16244,32639,49.8,0
2026-07-27 20:11:41,28,16241,32639,49.8,0
2026-07-27 20:11:46,9,16244,32639,49.8,0
2026-07-27 20:11:48,26,16248,32639,49.8,275.5
2026-07-27 20:11:52,12,16248,32639,49.8,0
2026-07-27 20:11:54,18,16249,32639,49.8,46.2
2026-07-27 20:11:58,15,16290,32639,49.9,168
2026-07-27 20:12:01,17,16226,32639,49.7,0
2026-07-27 20:12:05,13,16225,32639,49.7,0
2026-07-27 20:12:07,21,16224,32639,49.7,0
2026-07-27 20:12:11,23,16236,32639,49.7,0
2026-07-27 20:12:13,23,16237,32639,49.7,182.9
2026-07-27 20:12:18,12,16223,32639,49.7,91.6
2026-07-27 20:12:20,24,16227,32639,49.7,0
2026-07-27 20:12:24,15,16232,32639,49.7,667.2
2026-07-27 20:12:26,21,16239,32639,49.8,0
2026-07-27 20:12:31,28,16225,32639,49.7,0
2026-07-27 20:12:33,11,16225,32639,49.7,0
2026-07-27 20:12:37,15,16226,32639,49.7,0
2026-07-27 20:12:39,18,16224,32639,49.7,668.2
2026-07-27 20:12:44,12,16195,32639,49.6,0
2026-07-27 20:12:46,14,16197,32639,49.6,0
2026-07-27 20:12:50,20,16193,32639,49.6,411.6
2026-07-27 20:12:52,20,16201,32639,49.6,0
2026-07-27 20:12:56,17,16201,32639,49.6,0
2026-07-27 20:12:59,18,16209,32639,49.7,0
2026-07-27 20:13:03,18,16197,32639,49.6,0
2026-07-27 20:13:05,19,16200,32639,49.6,379.5
2026-07-27 20:13:09,20,16186,32639,49.6,769.1
2026-07-27 20:13:12,18,16193,32639,49.6,0
2026-07-27 20:13:16,25,16221,32639,49.7,276.1
2026-07-27 20:13:18,15,16239,32639,49.8,0
2026-07-27 20:13:22,17,16242,32639,49.8,0
2026-07-27 20:13:24,12,16244,32639,49.8,534.7
2026-07-27 20:13:29,13,16253,32639,49.8,0
2026-07-27 20:13:31,25,16246,32639,49.8,0
2026-07-27 20:13:35,19,16210,32639,49.7,188.4
2026-07-27 20:13:37,18,16216,32639,49.7,0
2026-07-27 20:13:42,25,16223,32639,49.7,0
2026-07-27 20:13:44,15,16214,32639,49.7,0
2026-07-27 20:13:48,7,16213,32639,49.7,0
2026-07-27 20:13:50,16,16213,32639,49.7,328.5
2026-07-27 20:13:55,14,16212,32639,49.7,0
2026-07-27 20:13:57,17,16225,32639,49.7,0
2026-07-27 20:14:01,10,16227,32639,49.7,0
2026-07-27 20:14:03,11,16229,32639,49.7,0
2026-07-27 20:14:07,10,16229,32639,49.7,0
2026-07-27 20:14:09,21,16229,32639,49.7,0
2026-07-27 20:14:14,14,16241,32639,49.8,0
2026-07-27 20:14:16,20,16242,32639,49.8,0
2026-07-27 20:14:20,20,16248,32639,49.8,207.2
2026-07-27 20:14:22,19,16201,32639,49.6,0
2026-07-27 20:14:27,17,16194,32639,49.6,0
2026-07-27 20:14:29,14,16193,32639,49.6,0
2026-07-27 20:14:33,9,16197,32639,49.6,0
2026-07-27 20:14:35,28,16190,32639,49.6,641.9
2026-07-27 20:14:40,18,16185,32639,49.6,0
2026-07-27 20:14:42,25,16185,32639,49.6,0
2026-07-27 20:14:46,12,16190,32639,49.6,242.4
2026-07-27 20:14:48,17,16213,32639,49.7,0
2026-07-27 20:14:53,20,16211,32639,49.7,0
2026-07-27 20:14:55,20,16213,32639,49.7,0
2026-07-27 20:14:59,17,16226,32639,49.7,0
2026-07-27 20:15:01,14,16224,32639,49.7,244.8
2026-07-27 20:15:05,20,16231,32639,49.7,0
2026-07-27 20:15:07,10,16226,32639,49.7,0
2026-07-27 20:15:12,23,16223,32639,49.7,0
2026-07-27 20:15:14,26,16225,32639,49.7,0
2026-07-27 20:15:18,15,16230,32639,49.7,0
2026-07-27 20:15:20,13,16232,32639,49.7,0
2026-07-27 20:15:25,20,16231,32639,49.7,0
2026-07-27 20:15:27,23,16239,32639,49.8,122.4
2026-07-27 20:15:31,23,16233,32639,49.7,383
2026-07-27 20:15:33,4,16236,32639,49.7,0
2026-07-27 20:15:38,19,16233,32639,49.7,0
2026-07-27 20:15:40,17,16230,32639,49.7,0
2026-07-27 20:15:44,16,16196,32639,49.6,0
2026-07-27 20:15:46,8,16202,32639,49.6,137.3
2026-07-27 20:15:50,26,16212,32639,49.7,0
2026-07-27 20:15:53,14,16216,32639,49.7,0
2026-07-27 20:15:57,7,16215,32639,49.7,293.9
2026-07-27 20:15:59,15,16219,32639,49.7,0
2026-07-27 20:16:03,14,16217,32639,49.7,0
2026-07-27 20:16:05,19,16219,32639,49.7,0
2026-07-27 20:16:10,17,16223,32639,49.7,0
2026-07-27 20:16:12,15,16225,32639,49.7,298.8
2026-07-27 20:16:16,12,16229,32639,49.7,0
2026-07-27 20:16:18,15,16227,32639,49.7,0
2026-07-27 20:16:23,15,16234,32639,49.7,0
2026-07-27 20:16:25,18,16235,32639,49.7,0
2026-07-27 20:16:29,26,16215,32639,49.7,120.7
2026-07-27 20:16:31,11,16214,32639,49.7,0
2026-07-27 20:16:36,17,16212,32639,49.7,0
2026-07-27 20:16:38,18,16225,32639,49.7,0
2026-07-27 20:16:42,10,16226,32639,49.7,246.8
2026-07-27 20:16:44,20,16228,32639,49.7,0
2026-07-27 20:16:48,18,16236,32639,49.7,0
2026-07-27 20:16:51,25,16238,32639,49.8,0
2026-07-27 20:16:55,13,16245,32639,49.8,0
2026-07-27 20:16:57,20,16243,32639,49.8,307.2
2026-07-27 20:17:01,21,16247,32639,49.8,0
2026-07-27 20:17:04,19,16244,32639,49.8,15.4
2026-07-27 20:17:08,23,16253,32639,49.8,167.1
2026-07-27 20:17:10,16,16261,32639,49.8,0
2026-07-27 20:17:14,23,16264,32639,49.8,0
2026-07-27 20:17:16,17,16230,32639,49.7,0
2026-07-27 20:17:21,20,16234,32639,49.7,0
2026-07-27 20:17:23,12,16235,32639,49.7,258.6
2026-07-27 20:17:27,20,16237,32639,49.7,297.7
2026-07-27 20:17:29,18,16241,32639,49.8,0
2026-07-27 20:17:34,12,16244,32639,49.8,0
2026-07-27 20:17:36,13,16247,32639,49.8,0
2026-07-27 20:17:40,23,16247,32639,49.8,0
2026-07-27 20:17:42,23,16250,32639,49.8,0
2026-07-27 20:17:46,11,16252,32639,49.8,0
2026-07-27 20:17:49,23,16260,32639,49.8,0
2026-07-27 20:17:53,18,16260,32639,49.8,268.3
2026-07-27 20:17:55,29,16261,32639,49.8,0
2026-07-27 20:17:59,18,16265,32639,49.8,0
2026-07-27 20:18:01,20,16267,32639,49.8,0
2026-07-27 20:18:06,27,16228,32639,49.7,0
2026-07-27 20:18:08,14,16231,32639,49.7,174.4
2026-07-27 20:18:12,34,16236,32639,49.7,0
2026-07-27 20:18:14,16,16131,32639,49.4,0
2026-07-27 20:18:19,6,16117,32639,49.4,207
2026-07-27 20:18:21,10,16114,32639,49.4,0
2026-07-27 20:18:25,11,16121,32639,49.4,0
2026-07-27 20:18:27,6,16127,32639,49.4,0
2026-07-27 20:18:32,13,16150,32639,49.5,0
2026-07-27 20:18:34,10,16179,32639,49.6,0
2026-07-27 20:18:38,23,16216,32639,49.7,0
2026-07-27 20:18:40,15,16239,32639,49.8,0
2026-07-27 20:18:44,13,16268,32639,49.8,0
2026-07-27 20:18:46,8,16232,32639,49.7,355.2
2026-07-27 20:18:51,8,16223,32639,49.7,0
2026-07-27 20:18:53,3,16221,32639,49.7,677.9
2026-07-27 20:18:57,10,16226,32639,49.7,0
2026-07-27 20:18:59,2,16224,32639,49.7,0
2026-07-27 20:19:04,12,16208,32639,49.7,0
2026-07-27 20:19:06,4,16206,32639,49.7,0
2026-07-27 20:19:10,12,16199,32639,49.6,0
2026-07-27 20:19:12,5,16212,32639,49.7,772.9
2026-07-27 20:19:16,5,16214,32639,49.7,152.2
2026-07-27 20:19:19,4,16216,32639,49.7,0
2026-07-27 20:19:23,2,16225,32639,49.7,76.2
2026-07-27 20:19:25,6,16223,32639,49.7,0
2026-07-27 20:19:29,3,16176,32639,49.6,0
2026-07-27 20:19:31,6,16192,32639,49.6,0
2026-07-27 20:19:36,7,16194,32639,49.6,0
2026-07-27 20:19:38,4,16199,32639,49.6,141.9
2026-07-27 20:19:42,8,16198,32639,49.6,0
2026-07-27 20:19:44,6,16198,32639,49.6,0
2026-07-27 20:19:49,10,16227,32639,49.7,0
2026-07-27 20:19:51,11,16216,32639,49.7,0
2026-07-27 20:19:55,4,16204,32639,49.6,395.2
2026-07-27 20:19:57,7,16207,32639,49.7,0
2026-07-27 20:20:01,6,16210,32639,49.7,0
2026-07-27 20:20:04,0,16211,32639,49.7,0
2026-07-27 20:20:08,8,16216,32639,49.7,300.2
2026-07-27 20:20:10,15,16226,32639,49.7,0
2026-07-27 20:20:14,8,16208,32639,49.7,0
2026-07-27 20:20:16,4,16213,32639,49.7,0
2026-07-27 20:20:21,6,16297,32639,49.9,247.9
2026-07-27 20:20:23,9,16282,32639,49.9,123.5
2026-07-27 20:20:27,8,16219,32639,49.7,0
2026-07-27 20:20:29,9,16224,32639,49.7,0
2026-07-27 20:20:34,5,16197,32639,49.6,0
2026-07-27 20:20:36,7,16202,32639,49.6,0
2026-07-27 20:20:40,5,16230,32639,49.7,0
2026-07-27 20:20:42,10,16226,32639,49.7,513.7
2026-07-27 20:20:46,1,16241,32639,49.8,0
2026-07-27 20:20:49,5,16245,32639,49.8,0
2026-07-27 20:20:53,1,16235,32639,49.7,45.8
2026-07-27 20:20:55,6,16206,32639,49.7,0
2026-07-27 20:20:59,2,16210,32639,49.7,0
2026-07-27 20:21:01,4,16210,32639,49.7,0
2026-07-27 20:21:06,6,16202,32639,49.6,0
2026-07-27 20:21:08,1,16203,32639,49.6,0
2026-07-27 20:21:12,11,16197,32639,49.6,0
2026-07-27 20:21:14,4,16210,32639,49.7,0
2026-07-27 20:21:19,10,16215,32639,49.7,0
2026-07-27 20:21:21,7,16198,32639,49.6,0
2026-07-27 20:21:25,6,16189,32639,49.6,0
2026-07-27 20:21:27,4,16192,32639,49.6,15.6
2026-07-27 20:21:31,1,16193,32639,49.6,0
2026-07-27 20:21:33,3,16193,32639,49.6,0
2026-07-27 20:21:38,9,16193,32639,49.6,0
2026-07-27 20:21:40,9,16203,32639,49.6,0
2026-07-27 20:21:44,1,16204,32639,49.6,0
2026-07-27 20:21:46,6,16154,32639,49.5,0
2026-07-27 20:21:51,12,16170,32639,49.5,0
2026-07-27 20:21:53,10,16172,32639,49.5,1111.8
2026-07-27 20:21:57,4,16181,32639,49.6,277.7
2026-07-27 20:21:59,2,16204,32639,49.6,61.9
2026-07-27 20:22:03,0,16207,32639,49.7,379.5
2026-07-27 20:22:06,15,16197,32639,49.6,0
2026-07-27 20:22:10,26,16211,32639,49.7,0
2026-07-27 20:22:12,7,16198,32639,49.6,332
2026-07-27 20:22:16,6,16271,32639,49.9,0
2026-07-27 20:22:18,4,16256,32639,49.8,0
2026-07-27 20:22:23,1,16220,32639,49.7,77.6
2026-07-27 20:22:25,4,16204,32639,49.6,0
2026-07-27 20:22:29,6,16245,32639,49.8,493.3
2026-07-27 20:22:31,0,16252,32639,49.8,0
2026-07-27 20:22:36,3,16243,32639,49.8,0
2026-07-27 20:22:38,5,16249,32639,49.8,0
2026-07-27 20:22:42,1,16252,32639,49.8,140.1
2026-07-27 20:22:44,1,16254,32639,49.8,0
2026-07-27 20:22:48,6,16261,32639,49.8,0
2026-07-27 20:22:51,9,16285,32639,49.9,0
2026-07-27 20:22:55,6,16291,32639,49.9,0
2026-07-27 20:22:57,4,16330,32639,50,1351
2026-07-27 20:23:01,12,16327,32639,50,0
2026-07-27 20:23:03,2,16316,32639,50,0
2026-07-27 20:23:08,1,16291,32639,49.9,122.2
2026-07-27 20:23:10,0,16288,32639,49.9,0
2026-07-27 20:23:14,4,16289,32639,49.9,0
2026-07-27 20:23:16,11,16261,32639,49.8,0
2026-07-27 20:23:21,9,16258,32639,49.8,0
2026-07-27 20:23:23,3,16265,32639,49.8,0
2026-07-27 20:23:27,7,16276,32639,49.9,1486.4
2026-07-27 20:23:29,6,16280,32639,49.9,0
2026-07-27 20:23:33,8,16288,32639,49.9,122.2
2026-07-27 20:23:35,6,16288,32639,49.9,0
2026-07-27 20:23:40,4,16272,32639,49.9,0
2026-07-27 20:23:42,3,16280,32639,49.9,154.2
2026-07-27 20:23:46,1,16301,32639,49.9,0
2026-07-27 20:23:48,6,16281,32639,49.9,0
2026-07-27 20:23:53,7,16289,32639,49.9,123.8
2026-07-27 20:23:55,3,16287,32639,49.9,0
2026-07-27 20:23:59,13,16309,32639,50,0
2026-07-27 20:24:01,16,16305,32639,50,0
2026-07-27 20:24:05,26,16262,32639,49.8,297
2026-07-27 20:24:08,9,16290,32639,49.9,30.7
2026-07-27 20:24:12,8,16286,32639,49.9,1991.2
2026-07-27 20:24:14,0,16285,32639,49.9,0
2026-07-27 20:24:18,1,16277,32639,49.9,0
2026-07-27 20:24:20,15,16284,32639,49.9,0
2026-07-27 20:24:25,3,16281,32639,49.9,0
2026-07-27 20:24:27,3,16301,32639,49.9,217.2
2026-07-27 20:24:31,13,16329,32639,50,0
2026-07-27 20:24:33,6,16315,32639,50.0,0
2026-07-27 20:24:38,6,16321,32639,50,3330.7
2026-07-27 20:24:40,6,16320,32639,50,0
2026-07-27 20:24:44,6,16326,32639,50,0
2026-07-27 20:24:46,14,16323,32639,50,0
2026-07-27 20:24:50,20,16314,32639,50,136.7
2026-07-27 20:24:53,19,16330,32639,50,0
2026-07-27 20:24:58,12,16316,32639,50,415
2026-07-27 20:24:59,6,16328,32639,50,924
2026-07-27 20:25:04,10,16335,32639,50,0
2026-07-27 20:25:05,5,16333,32639,50,0
2026-07-27 20:25:11,7,16348,32639,50.1,0
2026-07-27 20:25:12,8,16328,32639,50,683.2
2026-07-27 20:25:17,4,16351,32639,50.1,0
2026-07-27 20:25:18,12,16484,32639,50.5,15.7
2026-07-27 20:25:24,1,16453,32639,50.4,0
2026-07-27 20:25:25,2,16461,32639,50.4,0
2026-07-27 20:25:30,8,16481,32639,50.5,15.5
2026-07-27 20:25:31,20,16501,32639,50.6,0
2026-07-27 20:25:36,5,16476,32639,50.5,77.4
2026-07-27 20:25:37,5,16470,32639,50.5,0
2026-07-27 20:25:43,0,16469,32639,50.5,235.7
2026-07-27 20:25:44,15,16455,32639,50.4,443.6
2026-07-27 20:25:49,8,16456,32639,50.4,0
2026-07-27 20:25:50,8,16462,32639,50.4,0
2026-07-27 20:25:56,8,16547,32639,50.7,126.8
2026-07-27 20:25:57,7,16556,32639,50.7,643.1
2026-07-27 20:26:02,2,16554,32639,50.7,0
2026-07-27 20:26:03,1,16538,32639,50.7,0
2026-07-27 20:26:09,7,16528,32639,50.6,0
2026-07-27 20:26:10,4,16524,32639,50.6,0
2026-07-27 20:26:15,7,16557,32639,50.7,0
2026-07-27 20:26:16,13,16552,32639,50.7,0
2026-07-27 20:26:21,5,16557,32639,50.7,126.5
2026-07-27 20:26:22,4,16552,32639,50.7,0
2026-07-27 20:26:28,10,16501,32639,50.6,0
2026-07-27 20:26:29,12,16512,32639,50.6,0
2026-07-27 20:26:34,4,16517,32639,50.6,779.6
2026-07-27 20:26:35,14,16523,32639,50.6,0
2026-07-27 20:26:41,14,16539,32639,50.7,0
2026-07-27 20:26:42,6,16553,32639,50.7,355.8
2026-07-27 20:26:47,3,16538,32639,50.7,0
2026-07-27 20:26:48,9,16544,32639,50.7,0
2026-07-27 20:26:54,4,16536,32639,50.7,495.8
2026-07-27 20:26:55,6,16534,32639,50.7,0
2026-07-27 20:27:00,14,16549,32639,50.7,0
2026-07-27 20:27:01,10,16517,32639,50.6,15.5
2026-07-27 20:27:06,2,16468,32639,50.5,141.4
2026-07-27 20:27:07,7,16483,32639,50.5,0
2026-07-27 20:27:13,9,16485,32639,50.5,0
2026-07-27 20:27:14,3,16492,32639,50.5,0
2026-07-27 20:27:19,6,16452,32639,50.4,0
2026-07-27 20:27:20,22,16484,32639,50.5,0
2026-07-27 20:27:26,8,16496,32639,50.5,0
2026-07-27 20:27:27,7,16499,32639,50.5,127.8
2026-07-27 20:27:32,16,16484,32639,50.5,0
2026-07-27 20:27:33,4,16489,32639,50.5,0
2026-07-27 20:27:38,4,16505,32639,50.6,0
2026-07-27 20:27:40,10,16488,32639,50.5,0
2026-07-27 20:27:45,35,15999,32639,49,12109.8
2026-07-27 20:27:46,20,15901,32639,48.7,62.8
2026-07-27 20:27:51,3,15877,32639,48.6,79.4
2026-07-27 20:27:52,2,15878,32639,48.6,0
2026-07-27 20:27:58,4,15905,32639,48.7,0
2026-07-27 20:27:59,9,15895,32639,48.7,0
2026-07-27 20:28:04,0,15864,32639,48.6,395.7
2026-07-27 20:28:05,8,15862,32639,48.6,0
2026-07-27 20:28:11,10,15849,32639,48.6,0
2026-07-27 20:28:12,7,15840,32639,48.5,108.3
2026-07-27 20:28:17,6,15856,32639,48.6,0
2026-07-27 20:28:18,17,15850,32639,48.6,227.9
2026-07-27 20:28:24,4,15866,32639,48.6,0
2026-07-27 20:28:25,1,15867,32639,48.6,0
2026-07-27 20:28:30,11,15849,32639,48.6,0
2026-07-27 20:28:31,13,15873,32639,48.6,0
2026-07-27 20:28:36,15,15890,32639,48.7,126.8
2026-07-27 20:28:37,7,15908,32639,48.7,0
2026-07-27 20:28:43,9,15897,32639,48.7,0
2026-07-27 20:28:44,7,15910,32639,48.7,0
2026-07-27 20:28:49,9,15914,32639,48.8,0
2026-07-27 20:28:50,12,15899,32639,48.7,0
2026-07-27 20:28:56,18,15917,32639,48.8,0
2026-07-27 20:28:57,4,15918,32639,48.8,366.3
2026-07-27 20:29:02,5,15903,32639,48.7,0
2026-07-27 20:29:03,9,15909,32639,48.7,0
2026-07-27 20:29:08,6,15885,32639,48.7,0
2026-07-27 20:29:10,15,15892,32639,48.7,0
2026-07-27 20:29:15,6,15915,32639,48.8,477.4
2026-07-27 20:29:16,6,15923,32639,48.8,0
2026-07-27 20:29:21,9,15922,32639,48.8,31.7
2026-07-27 20:29:22,1,15916,32639,48.8,0
2026-07-27 20:29:28,3,15926,32639,48.8,0
2026-07-27 20:29:29,3,15921,32639,48.8,0
2026-07-27 20:29:34,12,15916,32639,48.8,0
2026-07-27 20:29:35,5,15915,32639,48.8,0
2026-07-27 20:29:41,1,15927,32639,48.8,0
2026-07-27 20:29:42,3,15933,32639,48.8,126.7
2026-07-27 20:29:47,3,15933,32639,48.8,510.9
2026-07-27 20:29:48,10,15921,32639,48.8,77.8
2026-07-27 20:29:53,9,15901,32639,48.7,0
2026-07-27 20:29:55,15,15906,32639,48.7,0
2026-07-27 20:30:00,11,15893,32639,48.7,0
2026-07-27 20:30:01,14,15872,32639,48.6,0
2026-07-27 20:30:06,8,15896,32639,48.7,0
2026-07-27 20:30:07,2,15918,32639,48.8,0
2026-07-27 20:30:13,9,15919,32639,48.8,403.3
2026-07-27 20:30:14,4,15930,32639,48.8,0
2026-07-27 20:30:19,23,16033,32639,49.1,0
2026-07-27 20:30:20,10,16034,32639,49.1,0
2026-07-27 20:30:26,13,15964,32639,48.9,0
2026-07-27 20:30:27,10,15933,32639,48.8,201.7
2026-07-27 20:30:32,8,15932,32639,48.8,0
2026-07-27 20:30:33,7,15929,32639,48.8,15.8
2026-07-27 20:30:38,19,15936,32639,48.8,189
2026-07-27 20:30:40,6,15934,32639,48.8,0
2026-07-27 20:30:45,15,15935,32639,48.8,0
2026-07-27 20:30:46,14,15938,32639,48.8,124.3
2026-07-27 20:30:51,10,15953,32639,48.9,46.5
2026-07-27 20:30:52,18,15949,32639,48.9,377.3
2026-07-27 20:30:58,7,15931,32639,48.8,0
2026-07-27 20:30:59,18,15921,32639,48.8,0
2026-07-27 20:31:04,13,15892,32639,48.7,0
2026-07-27 20:31:05,22,15888,32639,48.7,0
2026-07-27 20:31:11,15,15898,32639,48.7,0
2026-07-27 20:31:12,13,15904,32639,48.7,424.7
2026-07-27 20:31:17,23,15938,32639,48.8,0
2026-07-27 20:31:18,10,15948,32639,48.9,0
2026-07-27 20:31:23,13,15944,32639,48.8,0
2026-07-27 20:31:25,5,15943,32639,48.8,0
2026-07-27 20:31:30,11,15980,32639,49,468.4
2026-07-27 20:31:31,23,15996,32639,49,457.2
2026-07-27 20:31:36,17,15966,32639,48.9,0
2026-07-27 20:31:37,12,15963,32639,48.9,0
2026-07-27 20:31:43,11,15976,32639,48.9,0
2026-07-27 20:31:44,15,15980,32639,49,0
2026-07-27 20:31:49,20,15938,32639,48.8,0
2026-07-27 20:31:50,7,15949,32639,48.9,75.6
2026-07-27 20:31:56,14,15962,32639,48.9,0
2026-07-27 20:31:57,7,15963,32639,48.9,109.7
2026-07-27 20:32:02,8,15970,32639,48.9,0
2026-07-27 20:32:03,16,15962,32639,48.9,0
2026-07-27 20:32:08,6,15965,32639,48.9,0
2026-07-27 20:32:10,12,15969,32639,48.9,0
2026-07-27 20:32:15,13,15965,32639,48.9,0
2026-07-27 20:32:16,16,15961,32639,48.9,0
2026-07-27 20:32:21,7,15965,32639,48.9,126.5
2026-07-27 20:32:22,10,15957,32639,48.9,0
2026-07-27 20:32:28,4,15963,32639,48.9,0
2026-07-27 20:32:29,12,15974,32639,48.9,0
2026-07-27 20:32:34,11,15978,32639,49,0
2026-07-27 20:32:35,13,15985,32639,49,0
2026-07-27 20:32:40,16,16166,32639,49.5,0
2026-07-27 20:32:42,5,16178,32639,49.6,125.9
2026-07-27 20:32:47,9,16114,32639,49.4,0
2026-07-27 20:32:48,10,16121,32639,49.4,31.8
2026-07-27 20:32:53,6,15975,32639,48.9,0
2026-07-27 20:32:54,5,15986,32639,49,0
2026-07-27 20:33:00,1,15992,32639,49,0
2026-07-27 20:33:01,18,15993,32639,49,31
2026-07-27 20:33:06,9,16008,32639,49,0
2026-07-27 20:33:07,6,16014,32639,49.1,0
2026-07-27 20:33:13,3,16020,32639,49.1,0
2026-07-27 20:33:14,4,16021,32639,49.1,0
2026-07-27 20:33:19,5,15993,32639,49,0
2026-07-27 20:33:20,10,15995,32639,49,0
2026-07-27 20:33:25,7,16000,32639,49,307.4
2026-07-27 20:33:27,13,16009,32639,49,235.6
2026-07-27 20:33:32,9,15956,32639,48.9,0
2026-07-27 20:33:33,3,15968,32639,48.9,94
2026-07-27 20:33:38,17,15977,32639,49,0
2026-07-27 20:33:39,11,15988,32639,49,0
2026-07-27 20:33:45,2,16049,32639,49.2,0
2026-07-27 20:33:46,6,16055,32639,49.2,393.5
2026-07-27 20:33:51,0,16029,32639,49.1,3362.2
2026-07-27 20:33:52,7,16029,32639,49.1,156.9
2026-07-27 20:33:58,4,16016,32639,49.1,0
2026-07-27 20:33:59,11,16027,32639,49.1,462.7
2026-07-27 20:34:04,9,16013,32639,49.1,0
2026-07-27 20:34:05,4,16012,32639,49.1,0
2026-07-27 20:34:10,6,16020,32639,49.1,214.2
2026-07-27 20:34:12,3,16023,32639,49.1,576.7
2026-07-27 20:34:17,8,16022,32639,49.1,0
2026-07-27 20:34:18,13,16027,32639,49.1,151.1
2026-07-27 20:34:23,9,16028,32639,49.1,0
2026-07-27 20:34:24,4,16025,32639,49.1,0
2026-07-27 20:34:30,12,16035,32639,49.1,0
2026-07-27 20:34:31,6,16045,32639,49.2,30.4
2026-07-27 20:34:36,3,16043,32639,49.2,0
2026-07-27 20:34:37,0,16042,32639,49.1,0
2026-07-27 20:34:42,4,16007,32639,49,0
2026-07-27 20:34:44,5,15992,32639,49,367
2026-07-27 20:34:49,1,15993,32639,49,15.3
2026-07-27 20:34:50,4,15994,32639,49,0
2026-07-27 20:34:55,4,16020,32639,49.1,46.1
2026-07-27 20:34:56,1,16022,32639,49.1,0
2026-07-27 20:35:02,1,16030,32639,49.1,0
2026-07-27 20:35:03,1,16030,32639,49.1,0
2026-07-27 20:35:08,3,16030,32639,49.1,0
2026-07-27 20:35:09,4,16031,32639,49.1,0
2026-07-27 20:35:15,2,16022,32639,49.1,0
2026-07-27 20:35:16,10,16023,32639,49.1,158
2026-07-27 20:35:21,9,16028,32639,49.1,1759.7
2026-07-27 20:35:22,20,16044,32639,49.2,0
2026-07-27 20:35:27,12,16079,32639,49.3,0
2026-07-27 20:35:29,1,16087,32639,49.3,0
2026-07-27 20:35:34,3,16083,32639,49.3,30.9
2026-07-27 20:35:35,8,16083,32639,49.3,0
2026-07-27 20:35:40,19,16114,32639,49.4,818
2026-07-27 20:35:41,6,16115,32639,49.4,0
2026-07-27 20:35:47,11,16097,32639,49.3,0
2026-07-27 20:35:48,2,16094,32639,49.3,0
2026-07-27 20:35:53,8,16111,32639,49.4,0
2026-07-27 20:35:54,15,16142,32639,49.5,121.4
2026-07-27 20:36:00,10,16074,32639,49.2,0
2026-07-27 20:36:01,14,16079,32639,49.3,46.8
2026-07-27 20:36:06,10,16085,32639,49.3,0
2026-07-27 20:36:07,8,16094,32639,49.3,0
2026-07-27 20:36:12,12,16094,32639,49.3,0
2026-07-27 20:36:14,13,16092,32639,49.3,0
2026-07-27 20:36:19,6,16092,32639,49.3,230.5
2026-07-27 20:36:20,5,16102,32639,49.3,0
2026-07-27 20:36:25,6,16098,32639,49.3,377.4
2026-07-27 20:36:26,6,16097,32639,49.3,0
2026-07-27 20:36:32,10,16098,32639,49.3,0
2026-07-27 20:36:33,5,16112,32639,49.4,0
2026-07-27 20:36:38,1,16110,32639,49.4,0
2026-07-27 20:36:39,3,16114,32639,49.4,0
2026-07-27 20:36:45,0,16070,32639,49.2,0
2026-07-27 20:36:46,7,16074,32639,49.2,15.3
2026-07-27 20:36:51,4,16094,32639,49.3,0
2026-07-27 20:36:52,1,16094,32639,49.3,0
2026-07-27 20:36:57,2,16094,32639,49.3,0
2026-07-27 20:36:59,4,16108,32639,49.4,0
2026-07-27 20:37:04,6,16100,32639,49.3,0
2026-07-27 20:37:05,6,16102,32639,49.3,0
2026-07-27 20:37:10,4,16030,32639,49.1,62
2026-07-27 20:37:11,7,15850,32639,48.6,0
2026-07-27 20:37:17,4,15865,32639,48.6,0
2026-07-27 20:37:18,17,15840,32639,48.5,0
2026-07-27 20:37:23,9,15838,32639,48.5,63.5
2026-07-27 20:37:24,23,15851,32639,48.6,0
2026-07-27 20:37:30,5,15833,32639,48.5,0
2026-07-27 20:37:31,10,15829,32639,48.5,799.4
2026-07-27 20:37:36,7,15837,32639,48.5,0
2026-07-27 20:37:37,15,15840,32639,48.5,1211
2026-07-27 20:37:42,6,15856,32639,48.6,0
2026-07-27 20:37:43,1,15854,32639,48.6,0
2026-07-27 20:37:49,6,15854,32639,48.6,0
2026-07-27 20:37:50,9,15859,32639,48.6,0
2026-07-27 20:37:55,17,15868,32639,48.6,31.5
2026-07-27 20:37:56,8,15877,32639,48.6,111.4
2026-07-27 20:38:02,8,15885,32639,48.7,0
2026-07-27 20:38:03,3,15863,32639,48.6,0
2026-07-27 20:38:08,1,15832,32639,48.5,0
2026-07-27 20:38:09,0,15833,32639,48.5,0
2026-07-27 20:38:14,18,15855,32639,48.6,0
2026-07-27 20:38:16,14,15863,32639,48.6,31.6
2026-07-27 20:38:21,7,15856,32639,48.6,0
2026-07-27 20:38:22,10,15855,32639,48.6,0
2026-07-27 20:38:27,25,15856,32639,48.6,0
2026-07-27 20:38:28,9,15863,32639,48.6,92.1
2026-07-27 20:38:34,1,15853,32639,48.6,0
2026-07-27 20:38:35,6,15854,32639,48.6,0
2026-07-27 20:38:40,10,15870,32639,48.6,15.7
2026-07-27 20:38:41,7,15880,32639,48.7,46.1
2026-07-27 20:38:47,9,15879,32639,48.7,0
2026-07-27 20:38:48,1,15865,32639,48.6,0
2026-07-27 20:38:53,6,15888,32639,48.7,0
2026-07-27 20:38:54,5,15898,32639,48.7,0
2026-07-27 20:38:59,4,15907,32639,48.7,0
2026-07-27 20:39:01,14,15882,32639,48.7,339.3
2026-07-27 20:39:06,7,15879,32639,48.7,0
2026-07-27 20:39:07,7,15888,32639,48.7,0
2026-07-27 20:39:12,13,15860,32639,48.6,349.9
2026-07-27 20:39:13,19,15856,32639,48.6,0
2026-07-27 20:39:19,12,15870,32639,48.6,0
2026-07-27 20:39:20,4,15877,32639,48.6,0
2026-07-27 20:39:25,17,15854,32639,48.6,418.3
2026-07-27 20:39:26,12,15884,32639,48.7,511.7
2026-07-27 20:39:32,7,15870,32639,48.6,0
2026-07-27 20:39:33,10,15883,32639,48.7,0
2026-07-27 20:39:38,4,15891,32639,48.7,0
2026-07-27 20:39:39,7,15867,32639,48.6,0
2026-07-27 20:39:44,1,15854,32639,48.6,0
2026-07-27 20:39:46,8,15854,32639,48.6,31.1
2026-07-27 20:39:51,9,15854,32639,48.6,0
2026-07-27 20:39:52,11,15863,32639,48.6,0
2026-07-27 20:39:57,4,15867,32639,48.6,245.9
2026-07-27 20:39:58,3,15873,32639,48.6,183.4
2026-07-27 20:40:04,17,15874,32639,48.6,0
2026-07-27 20:40:05,9,15874,32639,48.6,0
2026-07-27 20:40:10,10,15865,32639,48.6,31.4
2026-07-27 20:40:11,5,15830,32639,48.5,0
2026-07-27 20:40:16,10,15830,32639,48.5,306.4
2026-07-27 20:40:18,3,15861,32639,48.6,0
2026-07-27 20:40:23,12,16023,32639,49.1,30.4
2026-07-27 20:40:24,17,15990,32639,49,0
2026-07-27 20:40:29,8,15935,32639,48.8,0
2026-07-27 20:40:31,11,15941,32639,48.8,15.4
2026-07-27 20:40:36,4,15942,32639,48.8,0
2026-07-27 20:40:37,3,15937,32639,48.8,0
2026-07-27 20:40:42,6,15957,32639,48.9,540.1
2026-07-27 20:40:43,11,15967,32639,48.9,0
2026-07-27 20:40:49,1,15926,32639,48.8,0
2026-07-27 20:40:50,11,15943,32639,48.8,0
2026-07-27 20:40:55,6,15873,32639,48.6,0
2026-07-27 20:40:56,10,15897,32639,48.7,60.2
2026-07-27 20:41:02,13,15893,32639,48.7,0
2026-07-27 20:41:03,6,15895,32639,48.7,0
2026-07-27 20:41:09,12,15928,32639,48.8,138.3
2026-07-27 20:41:09,12,15939,32639,48.8,0
2026-07-27 20:41:15,8,15939,32639,48.8,0
2026-07-27 20:41:16,9,15949,32639,48.9,62.4
2026-07-27 20:41:22,9,15956,32639,48.9,0
2026-07-27 20:41:22,15,15956,32639,48.9,0
2026-07-27 20:41:28,7,15948,32639,48.9,0
2026-07-27 20:41:28,4,15927,32639,48.8,0
2026-07-27 20:41:35,9,15951,32639,48.9,648
2026-07-27 20:41:35,6,15947,32639,48.9,0
2026-07-27 20:41:41,2,15934,32639,48.8,0
2026-07-27 20:41:41,0,15928,32639,48.8,0
2026-07-27 20:41:47,2,15923,32639,48.8,388.4
2026-07-27 20:41:48,2,15920,32639,48.8,0
2026-07-27 20:41:54,2,15921,32639,48.8,46
2026-07-27 20:41:54,0,15918,32639,48.8,0
2026-07-27 20:42:00,9,15912,32639,48.8,0
2026-07-27 20:42:00,7,15916,32639,48.8,30.5
2026-07-27 20:42:07,3,15912,32639,48.8,0
2026-07-27 20:42:07,3,15915,32639,48.8,0
2026-07-27 20:42:13,4,15918,32639,48.8,0
2026-07-27 20:42:13,4,15913,32639,48.8,0
2026-07-27 20:42:19,5,15918,32639,48.8,0
2026-07-27 20:42:20,9,15913,32639,48.8,60.4
2026-07-27 20:42:26,7,15933,32639,48.8,0
2026-07-27 20:42:26,4,15940,32639,48.8,0
2026-07-27 20:42:32,6,15945,32639,48.9,291.8
2026-07-27 20:42:33,6,15942,32639,48.8,0
2026-07-27 20:42:39,4,15950,32639,48.9,45.5
2026-07-27 20:42:39,5,15946,32639,48.9,0
2026-07-27 20:42:45,11,15970,32639,48.9,0
2026-07-27 20:42:45,11,15967,32639,48.9,46.4
2026-07-27 20:42:52,11,15922,32639,48.8,0
2026-07-27 20:42:52,6,15917,32639,48.8,0
2026-07-27 20:42:58,9,15953,32639,48.9,0
2026-07-27 20:42:58,12,15934,32639,48.8,62.3
2026-07-27 20:43:04,2,15943,32639,48.8,0
2026-07-27 20:43:05,10,15948,32639,48.9,1061
2026-07-27 20:43:11,4,15953,32639,48.9,0
2026-07-27 20:43:11,1,15947,32639,48.9,0
2026-07-27 20:43:17,6,15969,32639,48.9,0
2026-07-27 20:43:18,4,15966,32639,48.9,485
2026-07-27 20:43:24,7,15955,32639,48.9,46
2026-07-27 20:43:24,5,15952,32639,48.9,0
2026-07-27 20:43:30,16,15958,32639,48.9,0
2026-07-27 20:43:30,12,15959,32639,48.9,0
2026-07-27 20:43:37,9,16266,32639,49.8,0
2026-07-27 20:43:37,17,16275,32639,49.9,0
2026-07-27 20:43:43,4,16229,32639,49.7,0
2026-07-27 20:43:43,1,16226,32639,49.7,0
2026-07-27 20:43:49,15,16222,32639,49.7,0
2026-07-27 20:43:50,18,16231,32639,49.7,62.8
2026-07-27 20:43:56,18,16221,32639,49.7,0
2026-07-27 20:43:56,15,16232,32639,49.7,0
2026-07-27 20:44:02,3,16233,32639,49.7,0
2026-07-27 20:44:02,3,16230,32639,49.7,15.4
2026-07-27 20:44:09,3,16219,32639,49.7,0
2026-07-27 20:44:09,1,16216,32639,49.7,0
2026-07-27 20:44:15,5,16215,32639,49.7,0
2026-07-27 20:44:15,5,16211,32639,49.7,0
2026-07-27 20:44:22,4,16221,32639,49.7,0
2026-07-27 20:44:22,1,16217,32639,49.7,0
2026-07-27 20:44:28,9,16242,32639,49.8,0
2026-07-27 20:44:28,8,16239,32639,49.8,0
2026-07-27 20:44:34,14,16221,32639,49.7,0
2026-07-27 20:44:35,12,16216,32639,49.7,62.7
2026-07-27 20:44:41,20,16212,32639,49.7,0
2026-07-27 20:44:41,15,16209,32639,49.7,0
2026-07-27 20:44:47,12,16233,32639,49.7,0
2026-07-27 20:44:47,20,16217,32639,49.7,0
2026-07-27 20:44:54,8,16230,32639,49.7,182.6
2026-07-27 20:44:54,5,16231,32639,49.7,0
2026-07-27 20:45:00,11,16246,32639,49.8,0
2026-07-27 20:45:00,13,16252,32639,49.8,982.8
2026-07-27 20:45:07,15,16269,32639,49.8,0
2026-07-27 20:45:07,17,16269,32639,49.8,0
2026-07-27 20:45:13,10,16281,32639,49.9,399.3
2026-07-27 20:45:13,9,16237,32639,49.7,0
2026-07-27 20:45:19,8,16235,32639,49.7,0
2026-07-27 20:45:20,2,16229,32639,49.7,92.8
2026-07-27 20:45:26,13,16220,32639,49.7,0
2026-07-27 20:45:26,10,16225,32639,49.7,0
2026-07-27 20:45:32,7,16215,32639,49.7,0
2026-07-27 20:45:32,6,16217,32639,49.7,0
2026-07-27 20:45:39,4,16205,32639,49.6,15.3
2026-07-27 20:45:39,2,16203,32639,49.6,0
2026-07-27 20:45:45,4,16217,32639,49.7,0
2026-07-27 20:45:45,5,16211,32639,49.7,0
2026-07-27 20:45:51,12,16229,32639,49.7,0
2026-07-27 20:45:52,9,16231,32639,49.7,0
2026-07-27 20:45:58,12,16226,32639,49.7,15.5
2026-07-27 20:45:58,12,16223,32639,49.7,245.1
2026-07-27 20:46:04,3,16235,32639,49.7,0
2026-07-27 20:46:05,0,16240,32639,49.8,402.6
2026-07-27 20:46:11,6,16193,32639,49.6,0
2026-07-27 20:46:11,4,16198,32639,49.6,0
2026-07-27 20:46:17,3,16206,32639,49.7,0
2026-07-27 20:46:17,1,16203,32639,49.6,0
2026-07-27 20:46:24,5,16190,32639,49.6,76.3
2026-07-27 20:46:24,2,16187,32639,49.6,0
2026-07-27 20:46:30,5,16219,32639,49.7,0
2026-07-27 20:46:30,7,16216,32639,49.7,0
2026-07-27 20:46:36,1,16220,32639,49.7,0
2026-07-27 20:46:37,0,16215,32639,49.7,0
2026-07-27 20:46:43,5,16232,32639,49.7,15.3
2026-07-27 20:46:43,2,16229,32639,49.7,0
2026-07-27 20:46:49,6,16247,32639,49.8,123.5
2026-07-27 20:46:50,6,16244,32639,49.8,61.6
2026-07-27 20:46:56,14,16262,32639,49.8,0
2026-07-27 20:46:56,15,16267,32639,49.8,0
2026-07-27 20:47:02,3,16271,32639,49.9,0
2026-07-27 20:47:02,1,16272,32639,49.9,0
2026-07-27 20:47:09,13,16272,32639,49.9,205.7
2026-07-27 20:47:09,15,16262,32639,49.8,548.9
2026-07-27 20:47:15,9,16296,32639,49.9,0
2026-07-27 20:47:15,9,16294,32639,49.9,0
2026-07-27 20:47:21,16,16250,32639,49.8,122.5
2026-07-27 20:47:22,17,16262,32639,49.8,0
2026-07-27 20:47:28,7,16268,32639,49.8,0
2026-07-27 20:47:28,7,16278,32639,49.9,377.5
2026-07-27 20:47:34,5,16269,32639,49.8,0
2026-07-27 20:47:34,3,16266,32639,49.8,561.4
2026-07-27 20:47:41,7,16318,32639,50,0
2026-07-27 20:47:41,14,16324,32639,50,0
2026-07-27 20:47:47,13,16303,32639,49.9,0
2026-07-27 20:47:47,15,16316,32639,50,335.5
2026-07-27 20:47:54,11,16317,32639,50,78.6
2026-07-27 20:47:54,8,16321,32639,50,0
2026-07-27 20:48:00,15,16319,32639,50,0
2026-07-27 20:48:00,14,16315,32639,50,0
2026-07-27 20:48:06,23,16270,32639,49.8,0
2026-07-27 20:48:07,20,16279,32639,49.9,0
2026-07-27 20:48:13,4,16279,32639,49.9,154
2026-07-27 20:48:13,3,16276,32639,49.9,467.4
2026-07-27 20:48:19,11,16280,32639,49.9,0
2026-07-27 20:48:19,12,16275,32639,49.9,138.2
2026-07-27 20:48:26,7,16272,32639,49.9,0
2026-07-27 20:48:26,8,16269,32639,49.8,0
2026-07-27 20:48:32,9,16281,32639,49.9,0
2026-07-27 20:48:32,9,16282,32639,49.9,0
2026-07-27 20:48:39,1,16276,32639,49.9,15.1
2026-07-27 20:48:39,1,16270,32639,49.8,15.3
2026-07-27 20:48:45,10,16312,32639,50,503.3
2026-07-27 20:48:45,7,16293,32639,49.9,127
2026-07-27 20:48:51,20,16279,32639,49.9,79.4
2026-07-27 20:48:52,14,16281,32639,49.9,122.4
2026-07-27 20:48:58,49,16350,32639,50.1,3751.8
2026-07-27 20:48:58,34,16356,32639,50.1,0
2026-07-27 20:49:04,7,16380,32639,50.2,0
2026-07-27 20:49:04,2,16381,32639,50.2,656.2
2026-07-27 20:49:11,4,16391,32639,50.2,31.6
2026-07-27 20:49:11,3,16392,32639,50.2,0
2026-07-27 20:49:17,3,16377,32639,50.2,0
2026-07-27 20:49:17,3,16391,32639,50.2,0
2026-07-27 20:49:23,26,16778,32639,51.4,5216.9
2026-07-27 20:49:24,34,16777,32639,51.4,838.9
2026-07-27 20:49:30,10,16554,32639,50.7,30.1
2026-07-27 20:49:30,15,16550,32639,50.7,328.8
2026-07-27 20:49:36,11,16518,32639,50.6,0
2026-07-27 20:49:37,11,16495,32639,50.5,0
2026-07-27 20:49:43,21,16503,32639,50.6,0
2026-07-27 20:49:43,21,16518,32639,50.6,0
2026-07-27 20:49:49,12,16435,32639,50.4,46.7
2026-07-27 20:49:49,17,16433,32639,50.3,12252.7
2026-07-27 20:49:56,17,16411,32639,50.3,0
2026-07-27 20:49:56,13,16409,32639,50.3,0
2026-07-27 20:50:02,17,16387,32639,50.2,0
2026-07-27 20:50:02,9,16396,32639,50.2,0
2026-07-27 20:50:09,10,16397,32639,50.2,945.6
2026-07-27 20:50:09,10,16394,32639,50.2,0
2026-07-27 20:50:15,17,16385,32639,50.2,0
2026-07-27 20:50:15,12,16394,32639,50.2,0
2026-07-27 20:50:21,10,16465,32639,50.4,0
2026-07-27 20:50:22,9,16469,32639,50.5,0
2026-07-27 20:50:28,9,16367,32639,50.1,78.3
2026-07-27 20:50:28,5,16360,32639,50.1,0
2026-07-27 20:50:34,15,16337,32639,50.1,0
2026-07-27 20:50:34,12,16333,32639,50,62.2
2026-07-27 20:50:41,16,16342,32639,50.1,0
2026-07-27 20:50:41,18,16326,32639,50,0
2026-07-27 20:50:47,18,16349,32639,50.1,121.6
2026-07-27 20:50:47,23,16347,32639,50.1,0
2026-07-27 20:50:53,23,16354,32639,50.1,30.9
2026-07-27 20:50:54,20,16345,32639,50.1,0
2026-07-27 20:51:00,17,16501,32639,50.6,0
2026-07-27 20:51:00,16,16500,32639,50.6,0
2026-07-27 20:51:06,10,16275,32639,49.9,0
2026-07-27 20:51:07,9,16269,32639,49.8,0
2026-07-27 20:51:13,9,16285,32639,49.9,15.5
2026-07-27 20:51:13,8,16291,32639,49.9,0
2026-07-27 20:51:19,13,16294,32639,49.9,0
2026-07-27 20:51:19,18,16297,32639,49.9,63.4
2026-07-27 20:51:26,20,16286,32639,49.9,0
2026-07-27 20:51:26,23,16287,32639,49.9,0
2026-07-27 20:51:32,6,16246,32639,49.8,0
2026-07-27 20:51:32,4,16242,32639,49.8,0
2026-07-27 20:51:38,18,16276,32639,49.9,1255.2
2026-07-27 20:51:39,23,16357,32639,50.1,491.1
2026-07-27 20:51:45,19,16463,32639,50.4,121.7
2026-07-27 20:51:45,19,16461,32639,50.4,188
2026-07-27 20:51:51,4,16540,32639,50.7,0
2026-07-27 20:51:52,11,16550,32639,50.7,0
2026-07-27 20:51:58,11,16544,32639,50.7,0
2026-07-27 20:51:58,10,16544,32639,50.7,30.2
2026-07-27 20:52:04,7,16529,32639,50.6,0
2026-07-27 20:52:04,6,16526,32639,50.6,557.4
2026-07-27 20:52:11,15,16487,32639,50.5,0
2026-07-27 20:52:11,15,16498,32639,50.5,0
2026-07-27 20:52:17,3,16490,32639,50.5,0
2026-07-27 20:52:17,3,16489,32639,50.5,0
2026-07-27 20:52:23,11,16509,32639,50.6,139.7
2026-07-27 20:52:24,5,16506,32639,50.6,0
2026-07-27 20:52:30,18,16563,32639,50.7,0
2026-07-27 20:52:30,9,16572,32639,50.8,0
2026-07-27 20:52:36,9,16544,32639,50.7,0
2026-07-27 20:52:37,7,16541,32639,50.7,0
2026-07-27 20:52:43,3,16509,32639,50.6,0
2026-07-27 20:52:43,3,16512,32639,50.6,0
2026-07-27 20:52:49,7,16420,32639,50.3,0
2026-07-27 20:52:49,10,16432,32639,50.3,3403.1
2026-07-27 20:52:56,17,16473,32639,50.5,0
2026-07-27 20:52:56,21,16469,32639,50.5,0
2026-07-27 20:53:02,11,16450,32639,50.4,0
2026-07-27 20:53:02,14,16447,32639,50.4,0
2026-07-27 20:53:08,4,16437,32639,50.4,321.7
2026-07-27 20:53:09,13,16442,32639,50.4,0
2026-07-27 20:53:15,12,16445,32639,50.4,491.6
2026-07-27 20:53:15,12,16454,32639,50.4,0
2026-07-27 20:53:21,9,16459,32639,50.4,0
2026-07-27 20:53:22,5,16471,32639,50.5,0
2026-07-27 20:53:28,11,16484,32639,50.5,0
2026-07-27 20:53:28,11,16478,32639,50.5,0
2026-07-27 20:53:34,9,16499,32639,50.5,0
2026-07-27 20:53:34,7,16496,32639,50.5,60.8
2026-07-27 20:53:41,15,16485,32639,50.5,0
2026-07-27 20:53:41,12,16495,32639,50.5,0
2026-07-27 20:53:47,8,16502,32639,50.6,0
2026-07-27 20:53:47,5,16500,32639,50.6,0
2026-07-27 20:53:53,10,16509,32639,50.6,78.5
2026-07-27 20:53:54,15,16504,32639,50.6,346.5
2026-07-27 20:54:00,31,16523,32639,50.6,15.2
2026-07-27 20:54:00,36,16536,32639,50.7,0
2026-07-27 20:54:06,21,16599,32639,50.9,3713.5
2026-07-27 20:54:07,24,16578,32639,50.8,1607.8
2026-07-27 20:54:13,13,16537,32639,50.7,0
2026-07-27 20:54:13,12,16530,32639,50.6,0
2026-07-27 20:54:19,7,16525,32639,50.6,0
2026-07-27 20:54:19,6,16524,32639,50.6,475.4
2026-07-27 20:54:26,4,16520,32639,50.6,0
2026-07-27 20:54:26,1,16523,32639,50.6,0
2026-07-27 20:54:32,3,16490,32639,50.5,0
2026-07-27 20:54:32,2,16490,32639,50.5,0
2026-07-27 20:54:39,9,16504,32639,50.6,0
2026-07-27 20:54:39,6,16507,32639,50.6,0
2026-07-27 20:54:45,13,16515,32639,50.6,649.3
2026-07-27 20:54:45,11,16535,32639,50.7,0
2026-07-27 20:54:51,20,16501,32639,50.6,0
2026-07-27 20:54:52,16,16509,32639,50.6,0
2026-07-27 20:54:58,22,16511,32639,50.6,93.2
2026-07-27 20:54:58,14,16517,32639,50.6,0
2026-07-27 20:55:04,7,16527,32639,50.6,241.1
2026-07-27 20:55:04,8,16499,32639,50.5,15.2
2026-07-27 20:55:11,16,16462,32639,50.4,0
2026-07-27 20:55:11,12,16470,32639,50.5,0
2026-07-27 20:55:17,3,16498,32639,50.5,0
2026-07-27 20:55:17,4,16503,32639,50.6,0
2026-07-27 20:55:24,6,16502,32639,50.6,60.3
2026-07-27 20:55:24,7,16499,32639,50.5,15.9
2026-07-27 20:55:30,6,16507,32639,50.6,0
2026-07-27 20:55:30,12,16511,32639,50.6,917.2
2026-07-27 20:55:36,9,16524,32639,50.6,0
2026-07-27 20:55:37,7,16518,32639,50.6,0
2026-07-27 20:55:43,7,16535,32639,50.7,0
2026-07-27 20:55:43,13,16528,32639,50.6,0
2026-07-27 20:55:49,5,16554,32639,50.7,45.5
2026-07-27 20:55:49,8,16554,32639,50.7,45.3
2026-07-27 20:55:56,6,16574,32639,50.8,0
2026-07-27 20:55:56,4,16569,32639,50.8,127.4
2026-07-27 20:56:02,11,16591,32639,50.8,0
2026-07-27 20:56:02,11,16585,32639,50.8,92.8
2026-07-27 20:56:08,15,16595,32639,50.8,502.1
2026-07-27 20:56:09,14,16606,32639,50.9,523.9
